memory_usage,traffic_load,available_memory,action,reward
0.4439722773425737,0.18009177623360292,0.2234522150180873,reduce_memory,-0.01251951873022098
0.3059573947212735,0.1981526909932431,0.29296591946233697,reduce_memory,-0.05684787027034944
0.3778155654506955,0.17466693468282485,0.4264901325104353,allocate_memory,0.2653555219368631
0.3210543724696432,0.4691903833958325,0.41095506456575304,reduce_memory,-0.07353861191549697
0.35182760904494814,0.4317768977194141,0.3245288916539032,reduce_memory,-0.04808622181035181
0.32618136150449134,0.27971142521542613,0.1712113627864428,allocate_memory,0.1153654073677215
0.2809327648594391,0.4997868431670508,0.12694425069307821,reduce_memory,-0.02780932601632288
0.3267667020717394,0.33061916519475787,0.28189075897075366,allocate_memory,0.18977824531738088
0.27855565804111715,0.2058080206243969,0.19298568257834844,reduce_memory,-0.042735587486048214
0.46455362716932114,0.4800746433171673,0.1894944849311326,reduce_memory,-0.006716892162226384
0.3356429016268345,0.10330387048972121,0.14415437935644035,reduce_memory,-0.02369279550880908
0.11969522777782965,0.30067904005953394,0.270597363088639,reduce_memory,-0.10290946853334479
0.3853224063832411,0.3855437297713097,0.44229710557532154,reduce_memory,-0.05072156773103542
0.2534479011623343,0.3697277164844377,0.18573935754300486,allocate_memory,0.13866410721048988
0.2697206409955938,0.2960160179241793,0.32573936274145787,reduce_memory,-0.07501105165460668
0.23049524879029504,0.3435503626037708,0.19790017979082586,reduce_memory,-0.053335038718882406
0.4039088649613285,0.4177146333641877,0.31058903425703677,allocate_memory,0.18513936996084188
0.4509331684929839,0.2668460496071866,0.45434355986220754,allocate_memory,0.24946497882916058
0.2831183412581685,0.4622590460524163,0.32424897108736667,allocate_memory,0.2324481402384436
0.49263105662158047,0.37114583426536085,0.16499181873234617,reduce_memory,-0.0012158153701411184
0.37237026226579806,0.2416851177567536,0.31888493163628523,reduce_memory,-0.040699200192128
0.3477689688934672,0.2907953004342576,0.4605416705823945,allocate_memory,0.3003795686714803
0.4341534336014601,0.10326917775433375,0.3216125513508048,allocate_memory,0.181983357892527
0.1905115013001351,0.3050259699501473,0.2192947201422089,allocate_memory,0.17751655378072373
0.3582496718612054,0.4996743632049906,0.21795137507933854,reduce_memory,-0.030894678935797743
0.20541538067657653,0.45917062706507294,0.3834909813023677,reduce_memory,-0.1129705447409241
0.40048223294530694,0.41610806528976174,0.4756809004567669,allocate_memory,0.2851791512724066
0.4273701846617096,0.18304284570343304,0.23648726788412167,allocate_memory,0.1354196605383414
0.12314181964930598,0.10928164114248524,0.2793178634928622,reduce_memory,-0.1052632217753636
0.3652291333856259,0.10738573026018759,0.4018530113909369,allocate_memory,0.255084584292221
0.3549514590656878,0.36938739098843376,0.1436381640922425,reduce_memory,-0.02083450612406309
0.32463029688794987,0.41516432782113366,0.2655078024628269,allocate_memory,0.17931592572325225
0.27989369651605617,0.2662721561722198,0.21835460809562393,reduce_memory,-0.04806122563661302
0.25776574388160844,0.4015435561698367,0.47577223786605394,reduce_memory,-0.11524833412126602
0.4841100769139449,0.10970091115681369,0.4949927834779837,allocate_memory,0.25536178899660933
0.3309082455224448,0.42852322051572944,0.4084430265131782,allocate_memory,0.273285861213825
0.3103887509942286,0.22820096366509499,0.26809199635024067,reduce_memory,-0.050833258276419845
0.13234740472110873,0.1782514302786451,0.4740923191566311,reduce_memory,-0.17430127153972383
0.46751778126272336,0.15483309846442933,0.18712037182459296,allocate_memory,0.09963827076010344
0.39731583624741473,0.460444133887822,0.49376773432750143,reduce_memory,-0.05070212688742817
0.40153172044772434,0.4840757289842287,0.12029808798249292,reduce_memory,-0.011845545757064367
0.27359636715534347,0.3710321150353285,0.3185066848410672,reduce_memory,-0.0721110705333257
0.19221429879750904,0.30716547255577,0.4585551101151867,allocate_memory,0.37041426116438153
0.17793581829861363,0.48672749064906196,0.3998065051279892,allocate_memory,0.3286666074769316
0.17842526217636703,0.24980377058490758,0.45494733423722156,reduce_memory,-0.14629956973089525
0.3990935717525603,0.20585441171247829,0.13863210086994204,reduce_memory,-0.013988870139224625
0.32927630614636,0.11981433175833107,0.3398712398491547,reduce_memory,-0.058024073501664136
0.10345814438119971,0.14575506139675182,0.2237222260373537,allocate_memory,0.20057633967469776
0.4033492288544722,0.1089119322631582,0.44664254462540287,allocate_memory,0.26648961867714743
0.465991215049011,0.1880118818380503,0.4456568532906937,allocate_memory,0.23798467473084453
0.38153410789025954,0.4101893349006922,0.33409257576885665,reduce_memory,-0.03957857503569866
0.448924948656085,0.28685504654813987,0.13015914931713277,reduce_memory,-0.006647885234252854
0.41296324354946556,0.2781534299223789,0.21661306452781975,reduce_memory,-0.018853298541311746
0.16865456184835692,0.33353122642235333,0.40422068329452976,allocate_memory,0.3360470210634474
0.27553892977169503,0.15184258103529713,0.1127206559977938,allocate_memory,0.0816617270809983
0.1588044986684064,0.45199779867718315,0.21325327562000043,allocate_memory,0.17938769609577077
0.12948027803433912,0.1058077131646385,0.4990776117980319,reduce_memory,-0.1849180979626928
0.20628974304909276,0.12156322487063452,0.4799322797142137,allocate_memory,0.38092717305100326
0.18186993360086628,0.3869714881447164,0.4639668996494052,reduce_memory,-0.1476018205924655
0.31300281135999086,0.4928053998815123,0.4060302635577645,reduce_memory,-0.07592651778806392
0.13657689724421263,0.14036310874154612,0.46153155869857054,allocate_memory,0.3984970104312346
0.361551650989682,0.2672935885153609,0.33500576482664013,reduce_memory,-0.04638099504918718
0.4408831988456957,0.39606531817081436,0.2246554712808163,allocate_memory,0.1256086484643427
0.2941980400153979,0.2633328090848242,0.39521631943695357,allocate_memory,0.27894445287650244
0.1251067667904922,0.1647961825542935,0.1970465493596749,reduce_memory,-0.07387141798222539
0.3781293846936916,0.4032315124236169,0.43639684824930325,reduce_memory,-0.05318395241387627
0.4369820383400206,0.21968845310089732,0.10293166200111195,allocate_memory,0.05795237453014001
0.39183765533236303,0.32177924081761156,0.4077701618883708,reduce_memory,-0.04410537679534809
0.49913781854007055,0.3003997139254845,0.26896760861197455,allocate_memory,0.13471570319145407
0.371502356560663,0.3782903928985526,0.299266179062572,reduce_memory,-0.038454998770635164
0.32660483877710234,0.3480546040865927,0.4350247376904244,reduce_memory,-0.0754311845277799
0.33781357753133695,0.34416399578811807,0.33384293718377034,reduce_memory,-0.05414479164826631
0.3780252492669126,0.10694057655312848,0.2585582823319451,reduce_memory,-0.03153758203741424
0.1203365535915137,0.293243725730702,0.40020255216485323,allocate_memory,0.3520435562988068
0.17589151015113313,0.21350230563868347,0.21338103715552334,allocate_memory,0.17584912429262328
0.41899918568859984,0.3370795918344601,0.47343597831689577,allocate_memory,0.2750666889264308
0.4230078209582552,0.24977650073348368,0.37101917882291535,reduce_memory,-0.028565575043855037
0.12522298116383218,0.432037092162014,0.341530893810776,reduce_memory,-0.12799793022285444
0.2136634488897738,0.10366586761373649,0.37517711827117695,allocate_memory,0.29501548123683075
0.3503480680197425,0.31045383713655883,0.46662156621534656,reduce_memory,-0.06983081888778027
0.23403682857584598,0.43035983741103867,0.15538878982974752,allocate_memory,0.11902209026175474
0.3263510183279559,0.2118656675822552,0.31466959726558197,allocate_memory,0.21197685376111153
0.18214963985998428,0.3205995624751943,0.4146640425724224,allocate_memory,0.3391331365549705
0.41142369918419464,0.1318581685306581,0.43860657275871895,reduce_memory,-0.03885014772846571
0.13099637914625706,0.3943943354353515,0.23317447974836802,reduce_memory,-0.08604222731783556
0.13918405505893983,0.288642619542046,0.1738786658144042,reduce_memory,-0.06273819511091507
0.27898993073585787,0.3514110513608144,0.23133803183991863,reduce_memory,-0.051128034440370736
0.3969936046742436,0.4178568341718164,0.4585703516803348,reduce_memory,-0.0472356789298557
0.4380433138191909,0.1891730778570153,0.10158539224180402,reduce_memory,-0.006293894267679848
0.41840462358868125,0.3024193486064448,0.2826377581166564,allocate_memory,0.16438081331990806
0.4025141247179923,0.30626797640827197,0.27605347994020907,allocate_memory,0.16493805508671996
0.21864685992491908,0.16487798782175295,0.20365263222110586,reduce_memory,-0.05729830755996374
0.1420782369285837,0.19098214127007843,0.45034229962768757,reduce_memory,-0.16118730986837798
0.408169550569805,0.4354589790654997,0.11042680737924311,allocate_memory,0.06535394704039903
0.20883713822289485,0.1949921217326046,0.2268697524557175,reduce_memory,-0.06605604637567014
0.2939912692155737,0.27257603792990476,0.36146756679687586,allocate_memory,0.2551992580539971
0.4133147158389613,0.4210540270399834,0.42433460918658095,reduce_memory,-0.03678356617670208
0.4648103146481306,0.1261760195202527,0.4854142569136308,reduce_memory,-0.017081574966102162
0.12653409122066495,0.4023945886510193,0.30770257558171576,allocate_memory,0.2687677098142254
0.22560810255151012,0.3267278096930867,0.34040374737883117,reduce_memory,-0.0934040301418539
0.25547204478797436,0.39123348808094105,0.1378246248493468,allocate_memory,0.1026142861169487
0.35315834905733656,0.3378870369363674,0.19031315139569727,reduce_memory,-0.02794589734704524
0.40544298345430263,0.2645970705102279,0.4510491794189544,allocate_memory,0.26817445443071847
0.375879763998754,0.4619943591619333,0.24056291743760927,reduce_memory,-0.029858726085504318
0.3682966593398864,0.12674709574559936,0.40863910465792985,reduce_memory,-0.05381913520780714
0.2790104960668659,0.48275261004859105,0.4162165676094568,allocate_memory,0.30008777660949404
0.31010606194399937,0.3523228104080697,0.21773162237587695,allocate_memory,0.15021172640021577
0.3795662576576453,0.33864012217773803,0.15669926478710297,reduce_memory,-0.018871878880606374
0.4726835103680974,0.3097142932657455,0.15404671075484355,reduce_memory,-0.00420801537716338
0.4052529260079204,0.21208813722000955,0.4235697129199597,allocate_memory,0.2519168473908112
0.43549785808575303,0.2839717423502065,0.2127649917872006,allocate_memory,0.1201062935882419
0.14062217649528988,0.16665255374044474,0.29853414305889625,allocate_memory,0.256553622103798
0.3989902480950238,0.29280477343498235,0.454122147507791,reduce_memory,-0.04587076545431697
0.34429228135761836,0.15993635950575094,0.21866004327880822,reduce_memory,-0.034047056497187665
0.474295959273315,0.4589550163075473,0.2178854274177887,reduce_memory,-0.005600535900098004
0.33206989964954303,0.49582899611719367,0.3384868032785395,reduce_memory,-0.05684212284187053
0.3048507372101202,0.3543819370215088,0.16967378774885913,allocate_memory,0.11794860846838598
0.29382370788569057,0.24219432206955607,0.42971859224850617,allocate_memory,0.3034570821266309
0.22464008187796738,0.22550674095456982,0.11703444313239571,reduce_memory,-0.032226594678394165
0.1005411962053564,0.3505551559233885,0.3590021922097685,allocate_memory,0.32290768236465306
0.48680064139594126,0.4365042120704893,0.42896215559365547,allocate_memory,0.22014310311607843
0.34745191153370325,0.29639439004815515,0.44959726916390064,reduce_memory,-0.06858520399062015
0.22783332136813195,0.3128515391179437,0.36881246292213243,reduce_memory,-0.10037846307155578
0.21016024631317484,0.3957279000947477,0.3404457512408681,reduce_memory,-0.09867471268337935
0.35637633857202833,0.3522800211808308,0.4639570637005671,allocate_memory,0.29861374408432967
0.22052516168656588,0.39771296529938527,0.20981470421578147,reduce_memory,-0.05863793053648653
0.18897118331980575,0.30127493838941055,0.2300747648974739,allocate_memory,0.18659726432277213
0.3262107961572567,0.4779873971871266,0.18776695037453464,allocate_memory,0.12651534400083758
0.49172721616251625,0.3527982069252683,0.1510589095130549,reduce_memory,-0.0012496777051275215
0.3447008994631926,0.20346287045404648,0.2393975668294183,reduce_memory,-0.0371782267993089
0.47941135615242547,0.46952814077468075,0.4160492504844091,reduce_memory,-0.008565889841273823
0.310058563492169,0.3247663568403538,0.11609656900408623,allocate_memory,0.08009983359230978
0.2077203657921599,0.32949686273875556,0.12054720261968242,reduce_memory,-0.03523349228645916
0.47256994476253844,0.44883074548312085,0.4324893809357361,allocate_memory,0.22810789807655082
0.3066538326916297,0.4225548114011439,0.4642588034567633,reduce_memory,-0.08976266028753516
0.29423317668818183,0.13899882973821326,0.2247108392885624,allocate_memory,0.1585934552084212
0.1008441414667852,0.18717952918803726,0.43191998732451997,reduce_memory,-0.172403393358174
0.3263164221467897,0.159466392807933,0.3706447591304002,allocate_memory,0.24969728744350933
0.339243889705522,0.26618197140246785,0.4454983059071784,reduce_memory,-0.07161657480041747
0.4020090620251118,0.18212447904190313,0.25028383062312237,reduce_memory,-0.024525547322707814
0.49433731024754124,0.3662235274440673,0.4682337197749765,allocate_memory,0.23676832217421367
0.24478555216760897,0.29485138652656206,0.23243058600713004,allocate_memory,0.17553493667073378
0.12750884124628184,0.2494039730937841,0.3311193111645672,reduce_memory,-0.12333901590142261
0.2844700508477226,0.24784310328335588,0.15158164258168172,reduce_memory,-0.03267038371804855
0.1383579103123035,0.1439951861118658,0.11319791436643474,reduce_memory,-0.04093713029976638
0.2717387857806046,0.1514579576027534,0.4852469628435284,reduce_memory,-0.11076306093493764
0.29415035256612465,0.2961689433763397,0.17150749414063943,allocate_memory,0.12105850427143779
0.49195536348574287,0.41418079733161284,0.4329064526944113,allocate_memory,0.21993580140380864
0.20214482850929347,0.2761388083557512,0.48298226003436784,reduce_memory,-0.14385876388950564
0.16732774657969357,0.17064966060128334,0.4109851536716471,allocate_memory,0.3422159340300613
0.1774208730137159,0.1699174546554462,0.36862405774729823,allocate_memory,0.30322245560791417
0.13446106871638308,0.27772961602257823,0.1643821183814982,reduce_memory,-0.06008806387530985
0.3842517525423117,0.456771816316328,0.2325421169172569,allocate_memory,0.1431874009519018
0.14226388751089997,0.2675398162321616,0.10937122722361972,reduce_memory,-0.03912603764513974
0.4269336854705825,0.4509412492784354,0.31656791492542774,reduce_memory,-0.023130450841863177
0.18408204601396705,0.21658747324931024,0.379453564636162,allocate_memory,0.3096029760906442
0.32835222652366125,0.1993779326293637,0.23806132043569517,reduce_memory,-0.040862695603624294
0.40748454863139805,0.1587404730431659,0.11500928937527176,allocate_memory,0.0681447810057713
0.46813737456249627,0.254087947722766,0.2839325056642266,allocate_memory,0.15101308790962448
0.3899074615400796,0.4047912472369778,0.33841683656304755,reduce_memory,-0.03725716859480191
0.2583316715848443,0.4817215450006729,0.16142505618062553,reduce_memory,-0.03901132349149437
0.19952247644281887,0.20592060802922676,0.4446338135192408,reduce_memory,-0.13360246717604699
0.3778281812819858,0.13834765401948546,0.23934210257207741,allocate_memory,0.1489119112530629
0.23292093541334344,0.1757900263118861,0.4119572210749337,allocate_memory,0.3160037597918786
0.4079106965989254,0.4375302958340621,0.4654457365298694,reduce_memory,-0.042862573648035765
0.20779629915287412,0.20843074227467198,0.3409400266491902,allocate_memory,0.2700939508784062
0.2998824579241246,0.38009532073499563,0.26981671260061757,allocate_memory,0.18890341363693725
0.3136854267158793,0.12586436826532257,0.3560240488756121,reduce_memory,-0.0663324687451446
0.2795456390283052,0.2047270649084986,0.21320466262265358,allocate_memory,0.15360422896598966
0.11099786947891946,0.259940004941105,0.4237224389534697,allocate_memory,0.3766901509792231
0.27604624157651736,0.41422691472810613,0.38755219891690174,allocate_memory,0.2805698709911762
0.23099916874847573,0.1343588064460629,0.4182878252904342,reduce_memory,-0.11251977270551916
0.13725106678763438,0.4602774933130541,0.3676809288896302,allocate_memory,0.31721632916206016
0.11236893323349176,0.26250097809564255,0.2776076382632332,reduce_memory,-0.10760934496250803
0.32216162675936266,0.3358538884350236,0.36443543819504476,allocate_memory,0.24702832457736798
0.3766997027053006,0.17673284288539637,0.2893908633588583,allocate_memory,0.18037741116594608
0.30653261212899696,0.22048003920593265,0.3975673764987451,reduce_memory,-0.07691632183393982
0.4902660723230773,0.3756189327234716,0.2921958591507694,reduce_memory,-0.0028442133604698857
0.3475831235893004,0.48879696192211375,0.434650210970296,allocate_memory,0.28357313297249215
0.3051057447270523,0.4098415720487226,0.3886378789896817,allocate_memory,0.27006222949139286
0.29925032302376176,0.2965901510867689,0.3164252836186707,allocate_memory,0.22173491528289807
0.24454711469563503,0.32981262267606626,0.3975591995928104,allocate_memory,0.3003372444116825
0.10884236017881772,0.20958253339438465,0.20338959846753896,allocate_memory,0.18125219453450997
0.3344705365689309,0.1908549681343228,0.23166634478876877,reduce_memory,-0.038347605747921946
0.40403968844204885,0.21018133535790418,0.3315616294746361,reduce_memory,-0.03181675726504804
0.19132298855828622,0.3722390146527087,0.16765760686396702,allocate_memory,0.1355808524642226
0.21303015726642693,0.4390764318566597,0.2905133555596503,allocate_memory,0.22862524973678058
0.19154442561327711,0.36556457367803297,0.2358925121626886,reduce_memory,-0.07276236033266913
0.19729732205718076,0.2606022852893722,0.10103942118400618,allocate_memory,0.08110461396219418
0.19576576515561644,0.4065860334496,0.4083083297890462,allocate_memory,0.3283755371884818
0.12692858955259856,0.3036527739392243,0.12118851974473151,allocate_memory,0.1058062318635655
0.4374993130699586,0.2911801201788833,0.23625172046225532,reduce_memory,-0.014765894817295077
0.24119803729307188,0.19185348893257226,0.4034429361942957,reduce_memory,-0.1044118237273297
0.22829218687911293,0.2624018245944342,0.1728894213928241,allocate_memory,0.1334201172947918
0.4376786190623996,0.3557083394705709,0.2646838121593201,allocate_memory,0.1488373667652573
0.4015323019885224,0.120174870764472,0.37806349044117604,allocate_memory,0.2262587868265149
0.43807785993059334,0.30204868139753527,0.17252728153480512,allocate_memory,0.09694689926039472
0.4700658101821745,0.44924236676286144,0.26338392408047473,allocate_memory,0.13957614641862603
0.4882319962875834,0.12847662990501507,0.2202833944017563,reduce_memory,-0.0025922958031035976
0.1522058612628487,0.2955675197409838,0.45917453056758584,reduce_memory,-0.15969821038878926
0.13564206061416165,0.4402764572274841,0.255732060394981,allocate_memory,0.22104403675790052
0.3875770217382565,0.1552940972563588,0.3180318223750177,reduce_memory,-0.03575408465340929
0.465469170431447,0.23568768922781783,0.10373690474718172,reduce_memory,-0.003582121377794151
0.4953141431567417,0.41439917001482784,0.17735010219778166,allocate_memory,0.08950608828892687
0.18952952633819542,0.41729027972055754,0.24472135864756914,reduce_memory,-0.07597875613447115
0.32907309097736676,0.10504049201513906,0.16141554318413595,reduce_memory,-0.027590259864673734
0.3557283711511028,0.34627936220549427,0.2706625330979058,reduce_memory,-0.03904892451840342
0.3283359646699532,0.4547347188150621,0.1890648995233149,allocate_memory,0.12698809335309952
0.1533723292896011,0.20315725994405198,0.2937104708428009,reduce_memory,-0.1018081763714946
0.31827056449039504,0.4689369231412742,0.1093896910486067,reduce_memory,-0.019879326804833383
0.43979463924902484,0.3096624628767205,0.43890586933474196,allocate_memory,0.24587742086638947
0.1831994191381524,0.4377749115294266,0.24848268160395112,reduce_memory,-0.07871945786624125
0.10763164708836,0.4474617868423151,0.1687013978450768,reduce_memory,-0.06619308960636408
0.43740863697440313,0.2871232503300161,0.49421225824979365,allocate_memory,0.2780395479927097
0.1658655598329709,0.37971118819973326,0.3839619611820304,allocate_memory,0.3202758955360075
0.4257515543093072,0.4763564853484914,0.17168378404192863,reduce_memory,-0.012747254115409765
0.2894854523285906,0.3198119959931154,0.3995875820710849,reduce_memory,-0.08411899909480663
0.35789506334560095,0.35872325264581095,0.21389528561028742,allocate_memory,0.1373432188174682
0.18233561945193882,0.4781284259705977,0.29713718602331984,reduce_memory,-0.09438990013589192
0.35531229392260555,0.23836298468062056,0.1166449689268784,reduce_memory,-0.01687709297949899
0.31168550065604383,0.4543916612303629,0.38999247655446245,reduce_memory,-0.07344123797026315
0.4979416675042335,0.47081543281030114,0.4978212196975439,reduce_memory,-0.0010246815935855585
0.38300179263482614,0.37614925317936976,0.13157965809332703,allocate_memory,0.08118441316930526
0.18752107619047065,0.2927210386088889,0.28243517671041174,allocate_memory,0.22947262841962957
0.10091076030931073,0.49291068893244905,0.3115491069240426,allocate_memory,0.28011044967065074
0.4140452177919737,0.2781079729139968,0.36053780485017184,reduce_memory,-0.030989948493656418
0.38524098806397833,0.1392888030812948,0.3103261428710472,reduce_memory,-0.035612721533798075
0.4987036954287555,0.24169802301680976,0.296911058919031,allocate_memory,0.1488404166224453
0.21887020839014426,0.466874276132174,0.49985517296008786,reduce_memory,-0.1405241806093779
0.12527950187616402,0.15624003806455233,0.4156494181844751,reduce_memory,-0.15575235702696913
0.43918270366287016,0.19583785832776757,0.4088842505956807,allocate_memory,0.2293093599339031
0.2888096182142672,0.34187503292519117,0.21739484402255185,allocate_memory,0.1546091221186485
0.17477574843624877,0.1787487307665051,0.3717677691014055,reduce_memory,-0.1209078944615301
0.4309769723582515,0.13472665809081003,0.10983898399708046,reduce_memory,-0.007581419228572056
0.18566495324782573,0.21643607960280137,0.3651752696540034,reduce_memory,-0.114787385459429
0.21339145566001153,0.38097622982715085,0.22847151682261502,allocate_memory,0.17971764727098638
0.23433987891576377,0.44367276461991556,0.35474766022108783,allocate_memory,0.2716161364792276
0.4649868668317254,0.11391908452714228,0.42364507982974686,reduce_memory,-0.014833141596163247
0.3172567179352892,0.4430607047010343,0.17662106718901663,allocate_memory,0.12058684709440101
0.10683518753868433,0.4109691473875301,0.3846169777209746,reduce_memory,-0.151217861915105
0.47058276246166375,0.26958171832952227,0.3130847945037143,allocate_memory,0.1657524870214141
0.24193636387974685,0.12160515899659084,0.2297288054029671,allocate_memory,0.1741490535453353
0.19361344506800454,0.1523409502666153,0.46694160079848934,allocate_memory,0.37653542882232494
0.21176009964554515,0.10032211009956611,0.340618889292567,allocate_memory,0.26848939935481814
0.3014832711932709,0.4848284393806892,0.23561288769401859,reduce_memory,-0.04677309972972381
0.1820224741215272,0.33496849196561995,0.33329952743783775,reduce_memory,-0.10598175911114782
0.18634686387339108,0.42773744831275873,0.4184747476630186,reduce_memory,-0.13125591699429712
0.1490554294894818,0.43177652459224247,0.31103272519610337,allocate_memory,0.2646716087567142
0.4816489542408041,0.14774414639175948,0.22021348569572707,allocate_memory,0.11414789060065786
0.4311172007430225,0.2217132160181964,0.4599659762355349,reduce_memory,-0.03168374400607203
0.31037966568859554,0.25545711729879783,0.33640774084481884,reduce_memory,-0.06378974828393887
0.23720023707765525,0.23007042956215043,0.446420976938949,reduce_memory,-0.11731932690311733
0.16244529996762,0.36768358893296416,0.40500634823925097,reduce_memory,-0.13671179639110997
0.28072666453901274,0.2782706644582863,0.2937637725978806,allocate_memory,0.21129644855408056
0.4462133998525116,0.2698909761910873,0.31773425163228164,reduce_memory,-0.017089845145706987
0.4785588099082957,0.19901795443380435,0.15028149444304817,reduce_memory,-0.003222214089618801
0.42550793154785493,0.4265912653567828,0.35887266476389257,reduce_memory,-0.026733167109195592
0.16008843034814202,0.283819489558437,0.27276636930408027,reduce_memory,-0.0927164447383883
0.30666046576473005,0.15209969976655113,0.4796953811440051,allocate_memory,0.3325917721371948
0.21622375824975873,0.10479865336352195,0.2034327190713907,reduce_memory,-0.05772937246711189
0.27789315129544334,0.32964976537056934,0.14402488781914885,allocate_memory,0.10400135787811286
0.3157158378392523,0.45936732149020043,0.25658546838808205,reduce_memory,-0.04728463806452072
0.2495083395616225,0.19242666761679117,0.13207649789906234,reduce_memory,-0.033084061263622004
0.2744124463114526,0.38613234437469857,0.1616648142991518,allocate_memory,0.11730197712483487
0.21551471369178007,0.37094942053870816,0.11338396583145421,reduce_memory,-0.03225606998232267
0.4292933643277209,0.23913335757140317,0.36494031190154874,allocate_memory,0.20827385762652506
0.15075652315739418,0.32604029818010205,0.3075005387701444,reduce_memory,-0.10739255729105973
0.35300051467016424,0.2684988532917153,0.26310198845765276,reduce_memory,-0.03867585689253134
0.4831172863850821,0.4214090840749376,0.43804142096166576,allocate_memory,0.22641603834240037
0.17052692887674925,0.21436279493934152,0.44162153113893754,reduce_memory,-0.14550240213849808
0.46967819254153287,0.2475037237237177,0.442871496884525,allocate_memory,0.23486441269963818
0.4678837125443083,0.4936091021956013,0.15621365004032295,reduce_memory,-0.0050170024891978415
0.17722215775042277,0.47898613462239525,0.12464539916033686,allocate_memory,0.10255547256747924
0.1071306664282826,0.27079538241777934,0.47273755870638456,reduce_memory,-0.18572408964329792
0.45245683984651963,0.37957728407981517,0.2826986305367347,reduce_memory,-0.013440386266777555
0.39617856833003084,0.342743978802571,0.12589468573002505,allocate_memory,0.07601790937714456
0.39981650388927714,0.3241911974423989,0.1893837250486141,reduce_memory,-0.018973123681842036
0.11450457743851757,0.32721099727979547,0.3708351108668585,reduce_memory,-0.1429552377642538
0.38435893199121784,0.2046791013145265,0.4254769205030313,allocate_memory,0.2619410657515739
0.48925997346737526,0.11769176438945937,0.38964231123671833,allocate_memory,0.19900592437927475
0.2103678252544229,0.45228745763059963,0.16614818759615574,reduce_memory,-0.048121860903510706
0.465757773924684,0.3841645934036185,0.46518971614456317,reduce_memory,-0.015929131428134218
0.45250309406594613,0.27901689275726105,0.4336292507315136,allocate_memory,0.23741067309800576
0.11466216961291438,0.12450911931893326,0.4680910177670624,allocate_memory,0.41441868609357374
0.3420160503394374,0.36742162320220184,0.42623861917859374,allocate_memory,0.2804581701449955
0.366064217800653,0.29601241710609294,0.4778983612313289,allocate_memory,0.30295687143896854
0.3480251376524564,0.3213383272966881,0.363291425545329,reduce_memory,-0.05521116438929426
0.46011993002938434,0.11204976652083115,0.49498307585574,allocate_memory,0.26723149762726744
0.36815227641580595,0.2839798177691045,0.3742170101478396,reduce_memory,-0.0493396609144759
0.4807468101914535,0.45722571789092803,0.3250708519999095,reduce_memory,-0.006258650814780189
0.34930921557646644,0.44761119171660924,0.21314921551037933,allocate_memory,0.13869423023970953
0.3074949917435126,0.1513291476885343,0.19416684955399943,reduce_memory,-0.03737809097652881
0.23359782267859033,0.19185611199731556,0.3691244433610582,reduce_memory,-0.09833555541393928
0.497209350618674,0.39217435507313037,0.3072046788595929,reduce_memory,-0.0008573005469999769
0.17635022422343893,0.28346093658961324,0.2627204005126983,reduce_memory,-0.08502939871786312
0.3272388770360607,0.22817906105168395,0.13745603583993993,reduce_memory,-0.02374705910987951
0.4184334596935192,0.18121606974543314,0.3785106327840343,reduce_memory,-0.03087380278541049
0.4832413204644104,0.46829796539888435,0.34884571623789973,allocate_memory,0.18026905168474405
0.4000366742690178,0.3425889493448158,0.32641846598887936,allocate_memory,0.19583910843469357
0.46394200830935917,0.15545029629729742,0.1933548305063782,allocate_memory,0.10364940212493334
0.4233644619494351,0.460580749865939,0.19438827683769608,reduce_memory,-0.014897050186179
0.3520590251186756,0.4405625923793607,0.24235659272306226,reduce_memory,-0.03585447059636592
0.13831686629353213,0.15160340081092266,0.3374127711276983,allocate_memory,0.2907428939778983
0.4986395743237664,0.24656427162119177,0.45351263019065835,reduce_memory,-0.0006169702266076154
0.2630235973398104,0.11706727644405386,0.2680062148969662,allocate_memory,0.19751425614533985
0.3880144876800361,0.17750142240288974,0.2774662185166694,reduce_memory,-0.031072196632072276
0.34296129450840795,0.4406256979391405,0.16876819660507258,reduce_memory,-0.0265031391230111
0.2668194285005122,0.15742296292249197,0.1990907651358883,allocate_memory,0.14596948096260087
0.2086099630943813,0.2533540683142187,0.2874243816691867,allocate_memory,0.22746479201675232
0.31849609186299166,0.3914905429708071,0.4708974165757417,allocate_memory,0.32091842972798884
0.45941163600261736,0.14976963077248362,0.38265468974967387,reduce_memory,-0.015531327832865286
0.27547714703691795,0.2245643270511939,0.202778269409604,reduce_memory,-0.045528355566760756
0.47226861220436367,0.44351703282058297,0.3299015414429436,reduce_memory,-0.009148627580132459
0.3756057366651867,0.2906258475895581,0.22953241688855008,allocate_memory,0.14331872435458548
0.1426355559100021,0.436035388193294,0.270897109868121,allocate_memory,0.23225755000766862
0.12035803693112,0.4541378898307701,0.3102557301385378,reduce_memory,-0.11778609444316317
0.3901253357697495,0.45494833087464304,0.21975796395588834,allocate_memory,0.1340248144795209
0.2234508838206485,0.22997033973639508,0.16448793464146716,reduce_memory,-0.04548899294726468
0.23588921608476096,0.2032649749271633,0.4974815073779728,allocate_memory,0.38013098458591754
0.36911066922597535,0.2627592999698515,0.45688911169223523,reduce_memory,-0.05980191006733527
0.3482506333065921,0.35895814480875865,0.12338180242362036,allocate_memory,0.08041401159108574
0.12010466705650935,0.33517828369881175,0.40493701230758106,reduce_memory,-0.15383368111173087
0.2424401248394212,0.2798748763767773,0.21695254514020146,reduce_memory,-0.055878270442080116
0.3386024336272202,0.10010979337097688,0.4632127478864212,allocate_memory,0.306367784164927
0.14891025592224327,0.42062050102072535,0.17708823210410915,reduce_memory,-0.062173862088614064
0.35211226975774257,0.12168804501290703,0.478253258022833,reduce_memory,-0.07072778880996147
0.15008726313967077,0.4041149555312683,0.4489872920813741,reduce_memory,-0.15710637218770163
0.15075339313190247,0.41733638839740184,0.4165376330565854,reduce_memory,-0.14547435497788114
0.30755287349678917,0.1856901277723631,0.1766673424716906,reduce_memory,-0.03399912240563551
0.4309991411481172,0.20972949743497715,0.46127106598063705,reduce_memory,-0.03182809971618745
0.4554402471738045,0.2263255664303948,0.29951961939469013,allocate_memory,0.16310632990416862
0.11860069540298453,0.33129980139120785,0.12294163541268871,allocate_memory,0.10836067195876363
0.3406925749319439,0.25420947200385513,0.42621266430975246,allocate_memory,0.2810051742374587
0.16848130122225968,0.21906125577320623,0.3161108443350923,reduce_memory,-0.10479665578350263
0.33511652427694616,0.41617451487225565,0.42863238051676067,allocate_memory,0.2849905869654304
0.21413081390609556,0.49408769443446343,0.18053366247470712,allocate_memory,0.14187584239154974
0.47905831347871175,0.46200862692342737,0.2372867585121437,allocate_memory,0.12361256416848579
0.45984589451729274,0.16366255582376477,0.45261814508181875,allocate_memory,0.24448354928191202
0.2855454994995267,0.3348353679146321,0.16089982530445268,allocate_memory,0.11495560431850615
0.10278358292165937,0.2632994696727809,0.4741846640740729,reduce_memory,-0.1883539332969998
0.15734123643378264,0.437244233974198,0.24858371720214048,reduce_memory,-0.0851793891791797
0.2794116683039512,0.28036973582579927,0.12550600311161972,allocate_memory,0.09043816140004117
0.16949739384284884,0.21327601609265756,0.337268188704284,reduce_memory,-0.1114680153406677
0.318631334190812,0.492786925820639,0.3644027078989146,reduce_memory,-0.06609123294888139
0.2694514521151139,0.3117155409314545,0.4556842822885029,reduce_memory,-0.10505734957558087
0.1557438882881572,0.3038601287709935,0.17022672355456353,allocate_memory,0.14371495173762255
0.153321744343707,0.3834520239212047,0.14639969564451927,allocate_memory,0.12395343893691378
0.35107183402114917,0.15380257771053443,0.3115999425598193,reduce_memory,-0.046406007964549155
0.31775962025838345,0.244730423547544,0.2615616367576875,reduce_memory,-0.047667092008559744
0.37453336702537543,0.41140521304655586,0.2753137758868299,allocate_memory,0.1721995804154659
0.11207924935162139,0.3207763592673132,0.21011554555919157,allocate_memory,0.18656595293581096
0.4137426338507979,0.10189010165961038,0.3517086253398415,reduce_memory,-0.030337459673771244
0.47126960952474084,0.1299780885177754,0.4785780232056368,allocate_memory,0.253038745082394
0.41875947092047794,0.1529378879953868,0.34173345698027147,reduce_memory,-0.027762606849251345
0.43963677066891604,0.12747518783089395,0.10140028777708841,reduce_memory,-0.006120848825326298
0.15861684704887688,0.1859632958640011,0.40681819294857113,reduce_memory,-0.13888087738666158
0.47832815989427657,0.3508852957387806,0.4201737644111162,reduce_memory,-0.009105938638937616
0.2690908707729708,0.23310061523920578,0.33826013625751206,allocate_memory,0.2472374216441944
0.15760362155477076,0.29922731051889323,0.44347150089478826,reduce_memory,-0.15184303585004574
0.37785377039291146,0.13162173888432496,0.298673442189162,reduce_memory,-0.03648183484717686
0.35204698533173795,0.2785232495332697,0.4988065728415825,reduce_memory,-0.07379993618825617
0.45184521806430966,0.24042003788096356,0.18119982595719866,reduce_memory,-0.008725638105753943
0.21816212541922742,0.19893961655176493,0.4007192278672508,allocate_memory,0.31329746941937964
0.41368093110605997,0.23044095995956232,0.18910699971158462,allocate_memory,0.11087703999222288
0.4974216180281632,0.4208431833285756,0.44303530858970985,allocate_memory,0.2226599685474098
0.15117472141580587,0.3986424395863869,0.16267516578800958,reduce_memory,-0.0567452100247324
0.4667674752361498,0.41547204538042093,0.15457782403421125,allocate_memory,0.08242592338226462
0.3014622507785323,0.17652263243824773,0.10939903955546071,reduce_memory,-0.021719839080331486
0.33724077142802544,0.46888888317211996,0.20814307479392025,allocate_memory,0.13794874368301738
0.36974947172417494,0.3233702088447346,0.23606686374661515,allocate_memory,0.1487812655847214
0.23720110529299365,0.10896847908064347,0.15730332828834928,reduce_memory,-0.041339140807911554
0.31663676676957375,0.1197965851002484,0.48591245966635876,allocate_memory,0.332054709504552
0.4613451309978903,0.38460468462416675,0.20731971041406877,reduce_memory,-0.008013916247611143
0.3588301772463668,0.3115602278230625,0.3491917021590938,allocate_memory,0.22389118178038564
0.4219046426717201,0.4546694069208389,0.4237635096818211,allocate_memory,0.24497571755219835
0.19368782540854235,0.178393463751849,0.27041638609344076,reduce_memory,-0.08283183126944504
0.44213452450417734,0.20465123303034025,0.2661006966195297,allocate_memory,0.14844839164942358
0.12698476629693786,0.291620132436053,0.3730806491259758,reduce_memory,-0.139164765523816
0.3206425253509207,0.290831295625855,0.23748535412745878,reduce_memory,-0.04259477338244331
0.4633913742985786,0.11029988701154175,0.25329003867734434,reduce_memory,-0.009272600219837456
0.1474742958307386,0.1485168232536568,0.3531574791766833,reduce_memory,-0.12449708902940156
0.4368794406397186,0.4931387257136979,0.4930800709106571,allocate_memory,0.27766352534061645
0.4086545796627947,0.3362255518535118,0.458609752188602,allocate_memory,0.2711967766787104
0.34047456944395627,0.2642507730296993,0.1391863624693025,allocate_memory,0.0917969456350963
0.4790010998741734,0.16485956149619,0.18272464791720974,allocate_memory,0.0951993405907452
0.3915843707871941,0.32856494001817727,0.31193251498185953,reduce_memory,-0.03381835988369131
0.16258371163655982,0.2471632549861981,0.3494300493605296,allocate_memory,0.2926184149781484
0.27470551927905984,0.3444673114927942,0.3621824611688498,allocate_memory,0.26268894009969296
0.3773993431349367,0.31770753174348565,0.3326770755785179,allocate_memory,0.20712496577913353
0.3383852998440461,0.43549916100358854,0.35033189681929355,reduce_memory,-0.056618784459516715
0.1289328511684239,0.20914177844076556,0.28919156530324974,allocate_memory,0.2519052722548423
0.4325773537988198,0.14285179059328057,0.10124392652216865,reduce_memory,-0.006826133437922463
0.4357215200679617,0.4909564689915398,0.36883151226562094,allocate_memory,0.20812368509227952
0.15830733100019156,0.3542989432111986,0.3946758996610543,allocate_memory,0.3321958113756134
0.25723877213700824,0.41235424458526637,0.1503526838184159,reduce_memory,-0.03649980213625482
0.3323007360550635,0.3270260501987029,0.34650012309254574,reduce_memory,-0.058107815599449816
0.31737314814616546,0.3472825788839383,0.39393321546300686,allocate_memory,0.2689093907121707
0.479337561524685,0.20244439821108876,0.4828238283825026,reduce_memory,-0.009976317648369514
0.45523316553830706,0.4464431217153567,0.22728041169780006,allocate_memory,0.12381483041576086
0.25341804652266614,0.4526265475129666,0.3848764532814658,allocate_memory,0.2873418143383046
0.3665155992679685,0.3770984135973512,0.44579356398076897,reduce_memory,-0.05950648673816949
0.44034767103114547,0.15802433078305503,0.30698750507608485,reduce_memory,-0.018312519642126514
0.1290558986387036,0.10550478370102123,0.13451793461250544,allocate_memory,0.11715760167806619
0.20225759704025542,0.46185174883915714,0.2517976375896496,reduce_memory,-0.07497083367552919
0.14634426038910311,0.15762094203072097,0.21300555967158352,reduce_memory,-0.0753306387468869
0.21005044031893516,0.22555340065259022,0.2397419073421063,reduce_memory,-0.06951306047094237
0.34582188660203583,0.4567117351627107,0.1901067121759776,allocate_memory,0.12436365031557081
0.2286240146221669,0.37507807279758987,0.32845709986268623,allocate_memory,0.2533639190609249
0.2363230129686496,0.4452664586314653,0.31605227388926915,allocate_memory,0.24136184826816423
0.23068916270226697,0.1940475755984808,0.3663263002994316,reduce_memory,-0.09865564265782072
0.45062936772063267,0.1748899629631382,0.4568883459409798,allocate_memory,0.2510010394906704
0.47682871701427154,0.4009995350334504,0.42641343269575227,reduce_memory,-0.009880546317909153
0.12849896617129697,0.46702223111882135,0.31068919948904794,allocate_memory,0.27076595855411745
0.38774440525768317,0.4696490421331708,0.4302101339953073,allocate_memory,0.2633985614534687
0.25331550198013075,0.48335400946774454,0.147088137795744,reduce_memory,-0.03628436343682047
0.40171190206631746,0.45292654802277743,0.4654138619614151,allocate_memory,0.2784515742248645
0.12167066072308481,0.126816907413805,0.33937197210049935,reduce_memory,-0.12839437397388562
0.39971291738731796,0.14059268533657307,0.42647042962194015,allocate_memory,0.2560046900183316
0.4249524596081883,0.4042903221678157,0.4007913097461563,reduce_memory,-0.030078402006861786
0.39436317732447035,0.3778656764258601,0.3602514554726598,allocate_memory,0.21818154685669672
0.26483751338080774,0.273764667741658,0.3990064874641537,reduce_memory,-0.09383135776925994
0.17572441868394623,0.35221373019712354,0.21070522902916156,reduce_memory,-0.06832656062976361
0.14613368273233746,0.2984277185370846,0.3554279897506857,reduce_memory,-0.12577399378692364
0.24289631270094497,0.18537571912754258,0.2811681543668767,allocate_memory,0.21287344642223227
0.15482248401780496,0.3047590000237108,0.2506081683201672,reduce_memory,-0.08650430502560313
0.17852193058015953,0.3690506648486187,0.1282782342212336,allocate_memory,0.10537775619664509
0.37825531649951827,0.41090165072578855,0.13411353032005896,reduce_memory,-0.016327609301947838
0.25000849824079874,0.20338364990097024,0.34913385010985604,allocate_memory,0.2618474205588628
0.270449857920585,0.3607355372610871,0.29155152974343046,allocate_memory,0.2127014599477905
0.48897853039559336,0.2020748984374675,0.4898822276841377,allocate_memory,0.2503403359242286
0.2983372022859141,0.3036475848261029,0.20980320134875577,reduce_memory,-0.04230950055336177
0.24667486727568064,0.3363107360821501,0.16790435289078376,allocate_memory,0.1264865689264406
0.20505979911732186,0.1375475285684952,0.42569612839941307,reduce_memory,-0.12555490162510125
0.29922335370292585,0.4749442573287648,0.10803883975659523,allocate_memory,0.0757110957944538
0.4258810836385828,0.274180775991833,0.4764645282153398,allocate_memory,0.2735472986236448
0.34613075845293384,0.2584028925427562,0.4510275108901095,allocate_memory,0.294913016462577
0.4154394917946289,0.3780123288489966,0.4074999420585066,reduce_memory,-0.03445840219412659
0.4282742699727524,0.34690534178290156,0.17584622530365912,reduce_memory,-0.012612698882440807
0.45069008046059533,0.48122273334118104,0.3362469086239651,reduce_memory,-0.016580308009621274
0.4784375678571482,0.16572094383142233,0.4185071140150899,allocate_memory,0.21827758825479607
0.10413856277445364,0.17621545740761643,0.31576958624486595,reduce_memory,-0.12500100224300875
0.24548896358688782,0.40752012101025425,0.4088791277931235,reduce_memory,-0.1040642505823172
0.11367899238770729,0.27769930994760844,0.25353463005450594,reduce_memory,-0.0979457537472666
0.3334798764037681,0.32156070130023573,0.42701291666002283,allocate_memory,0.2846127019894259
0.24215968219059453,0.22534078143484365,0.35981987880375554,allocate_memory,0.2726860113067799
0.4437557122204895,0.3204655852722925,0.37234068215055216,allocate_memory,0.207112377554171
0.390072677626489,0.11656027473252975,0.47669280791469726,allocate_memory,0.29074796792612173
0.22786473359060602,0.1290192169873818,0.47588717199268593,allocate_memory,0.36744926832738567
0.16343005963939455,0.25345787522005614,0.4808366697623454,allocate_memory,0.4022535041462775
0.2456352365285632,0.4741968827698829,0.13304721476162024,reduce_memory,-0.03384252331337298
0.2374595130669504,0.4371982797163685,0.13555881169758874,allocate_memory,0.1033690822799449
0.1585867744930035,0.29257753228112016,0.183479948629958,allocate_memory,0.154382455392591
0.2382104466785256,0.37217601701889325,0.37825320707887233,reduce_memory,-0.09902273812359315
0.15431698269409908,0.3506101990928937,0.2920447597534922,allocate_memory,0.24697729361671023
0.37027974939165376,0.48175798869111475,0.4395484179440229,reduce_memory,-0.05701833093020076
0.37812108754903095,0.15959034846217135,0.17963189082575381,reduce_memory,-0.02189333949535408
0.1712984802443251,0.4291790105627056,0.32692615531005553,allocate_memory,0.2709242017533228
0.29176880661753085,0.21170880549277507,0.3783391992804621,reduce_memory,-0.07878202296953844
0.40773660975566595,0.3792152405591378,0.14653687695769757,reduce_memory,-0.013519989063934014
0.2519532175908049,0.49324606501528334,0.18479338482006902,allocate_memory,0.1382340969251568
0.36843122353741997,0.24996927642389402,0.3846353243498496,reduce_memory,-0.05060599900899733
0.23156928035706553,0.16124138481953798,0.310687938628073,reduce_memory,-0.0833981869503135
0.2709311428290518,0.4388774749119351,0.2482327090879709,allocate_memory,0.1809787375272154
0.14585776786902305,0.18854854792603587,0.49418841968573635,allocate_memory,0.42210719988365486
0.1022772519088357,0.23133124919947728,0.19177301073345415,reduce_memory,-0.07627248883862574
0.10612536226056807,0.3453417865485062,0.30803265150446835,reduce_memory,-0.12132624902323916
0.28631276726972055,0.3678956128079699,0.33574293338741323,allocate_memory,0.2396154450380095
0.3072791364858446,0.1737313071518053,0.49690141176548475,reduce_memory,-0.09576326915684712
0.47793824337750823,0.15566210234262876,0.43223830108769035,reduce_memory,-0.009535936201515943
0.24179610840285448,0.47045885066793713,0.37502066958648095,allocate_memory,0.28434213110983714
0.39681441509706306,0.4993973567562897,0.4136841654209983,reduce_memory,-0.04268624257404903
0.16010831753333796,0.11948254141768154,0.11026257477504947,reduce_memory,-0.03747733205339769
0.30598862000901594,0.2987120032799896,0.24880359989542322,reduce_memory,-0.04827072976243572
0.3513325171565128,0.3699739050424452,0.295940709035205,reduce_memory,-0.043996760283180766
0.25727241692970004,0.1237578669718674,0.4955915797300806,reduce_memory,-0.12029374633787433
0.3272490901527763,0.18127845327706704,0.26186246342579167,allocate_memory,0.17616821052453668
0.48823424489981015,0.17037182231335884,0.4997841633586181,reduce_memory,-0.005880338069030776
0.22057986618582556,0.25192817309870624,0.1734909819477487,allocate_memory,0.1352223643652668
0.22306921110619313,0.10676858746448664,0.22771531542840218,reduce_memory,-0.06306138194478948
0.32218415374226544,0.1932261108590504,0.3025901572371634,reduce_memory,-0.05380532487838718
0.1740922653462545,0.19811249892510682,0.23068283139547635,allocate_memory,0.1905227347013498
0.4294124702699562,0.32458510033603505,0.24740917230540815,allocate_memory,0.1411685884582976
0.40882724338141607,0.4907334526638495,0.37114517991708473,allocate_memory,0.21941091911728328
0.23391077950745257,0.14255375343857027,0.48982254469755593,allocate_memory,0.3752477714470266
0.24536135921098295,0.30469534045490654,0.4810637166906907,reduce_memory,-0.12249741095103026
0.3895081233361698,0.13098456160862676,0.11911404466719994,reduce_memory,-0.013161134332298216
0.11293505513712931,0.4699166470973938,0.39531365828757614,reduce_memory,-0.15301205934862036
0.12639064212287351,0.4500100080085756,0.11336175905434548,reduce_memory,-0.04235301400811554
0.2961910281250947,0.15243345479403564,0.23253724033446355,reduce_memory,-0.04739317587519478
0.4319109013551946,0.4027481477082112,0.48376960004959446,reduce_memory,-0.03293943601913489
0.15824673120433777,0.26314117039943563,0.10264228155773819,allocate_memory,0.08639947601787085
0.4071850851141814,0.3759539643655111,0.2446917124205572,allocate_memory,0.14505689667185784
0.16362456275645332,0.38340267273291617,0.36896540549513857,reduce_memory,-0.12411089960116974
0.27822553177051185,0.16940151559005093,0.3271385646835857,allocate_memory,0.23612026356185312
0.4737798176303436,0.47141522468849384,0.26059368793390447,allocate_memory,0.13712965798896054
0.3855269899217294,0.20273612803545893,0.45088867852489456,allocate_memory,0.27705892350340566
0.2472992954724813,0.16157842725622473,0.27950320422546304,reduce_memory,-0.07063065662547345
0.1953076285881392,0.4002987007335975,0.3029093384425291,reduce_memory,-0.09229416465285212
0.43685933528744114,0.2263287302128655,0.4496551881435159,allocate_memory,0.25321912154259024
0.304790970930659,0.34411624195523904,0.2990493463879107,reduce_memory,-0.058377132552205085
0.4331190736886221,0.23829544720271537,0.30298314320264097,allocate_memory,0.17175536487544596
0.3808080037561906,0.38528672876856007,0.3928067275017064,reduce_memory,-0.04681941798892645
0.286480342143146,0.11496027197939984,0.4803494095216474,allocate_memory,0.3427387463336277
0.42739719183313485,0.47365950855313943,0.33491281629097946,allocate_memory,0.19177201909928826
0.4638885496088846,0.1915195402629133,0.29391664815242924,reduce_memory,-0.01061375645887937
0.25817549141070134,0.3429873081289901,0.1072594141742111,reduce_memory,-0.025937955124254654
0.2352032265637187,0.11668228131873692,0.4368732798358018,allocate_memory,0.3341192748189468
0.34328304195360027,0.26206874068669084,0.11229138339809795,allocate_memory,0.07374365572002088
0.10957702055159979,0.4557025724837388,0.4387238954734085,allocate_memory,0.3906498381626409
0.49174645855743127,0.261048647974482,0.3814804689138799,allocate_memory,0.1938887993166512
0.3866398016283866,0.470179266471222,0.47544634127082697,reduce_memory,-0.05389669156151874
0.1649101141016513,0.34767066460043083,0.3173702495832101,reduce_memory,-0.10634756072036831
0.4326074736068941,0.2773765145868866,0.37414273190926217,allocate_memory,0.21228578988961477
0.33936701988036133,0.16957901536895684,0.16794140604094357,reduce_memory,-0.026976928537839055
0.34773762626203847,0.18118628851547727,0.35868647890874616,reduce_memory,-0.054614454706356966
0.23225316805053514,0.1798831981470005,0.20891539610334783,allocate_memory,0.16039413350381287
0.36658569563117127,0.2836262418440917,0.16625861049996807,allocate_memory,0.10531058211516532
0.19626443092932463,0.3289321558870356,0.49741285593405526,reduce_memory,-0.1510819768602001
0.16066014777438498,0.17686318585729344,0.3216056146337609,reduce_memory,-0.10913360174474852
0.2832506995346843,0.3799297998760406,0.23334105663791369,allocate_memory,0.16724703911506225
0.38947250524141463,0.23581942104899742,0.35576244370197974,allocate_memory,0.21720275348256196
0.2517354917064314,0.43852433908682287,0.1637169211640447,reduce_memory,-0.040645100932128496
0.46551552172542243,0.44355351358369344,0.3382688215444323,reduce_memory,-0.01166502382751593
0.41873307584709984,0.23130486196390818,0.2589589402296265,reduce_memory,-0.02104479655435646
0.1533291879035503,0.13704976007773087,0.10214073328467368,reduce_memory,-0.0354092109559247
0.34328944283580076,0.26125451366191244,0.11684651022245239,reduce_memory,-0.018311081719652816
0.17245653639898134,0.10252704553813725,0.29966214106656613,allocate_memory,0.24798344612832318
0.3434277532718192,0.39154374339322184,0.3517519064631308,allocate_memory,0.2309505395174187
0.45574042427951755,0.15796995026638055,0.2499176121882017,allocate_memory,0.13602005357462674
0.14762753978958384,0.2506039715024172,0.22647136295759274,allocate_memory,0.19303795281136943
0.11149577364464398,0.25633449312520673,0.4349849212126138,reduce_memory,-0.16899348029195202
0.17772653131279786,0.2563236028705618,0.19914838187646514,reduce_memory,-0.06418023981077196
0.4462883596425353,0.2753628980028743,0.2061881916949182,allocate_memory,0.11416880184573253
0.11939291926554843,0.23806055808516755,0.4618674005997865,allocate_memory,0.4067237033285875
0.3120126842180282,0.2529362728591297,0.29871678280642644,reduce_memory,-0.05615496617880637
0.45862443841558564,0.1366159584606534,0.12458549708292242,reduce_memory,-0.005154794907079332
0.30731187225522894,0.356193302056654,0.2132265182226381,allocate_memory,0.1476994776931755
0.2345280426631379,0.26328355764132955,0.41277179808156295,reduce_memory,-0.10957933717016854
0.3825151970411924,0.48092264695066655,0.3116325126909343,allocate_memory,0.19242834069451967
0.4853701192532589,0.3841132635887665,0.37360605372306344,reduce_memory,-0.005465812012228966
0.22146352773223157,0.3222656391246036,0.3457870320066183,reduce_memory,-0.09631430005106541
0.4192403067178473,0.27038280823178773,0.14568691257808655,allocate_memory,0.08460908666407334
0.25582181748152616,0.4911662375794028,0.1305893494057252,reduce_memory,-0.03188706999415992
0.313204068894573,0.309024522999783,0.35269335801267965,allocate_memory,0.24222836321101804
0.25933817007830595,0.399768185773259,0.11239512956559575,allocate_memory,0.08324678233834004
0.20960571469271924,0.4903721594485264,0.21929543921230998,allocate_memory,0.17332986194735997
0.41193715313962165,0.34838027267954785,0.14580282176798756,reduce_memory,-0.012839811565165327
0.18705995208622528,0.3592708595259111,0.1396563504775975,allocate_memory,0.11353224024872102
0.23817341233777134,0.29126247463278765,0.44862391105086596,reduce_memory,-0.11746166777413143
0.3942042665154383,0.2887020946181154,0.24656523431530775,allocate_memory,0.14936816697383468
0.34039428337981503,0.23747253375400104,0.2772295202203279,reduce_memory,-0.04424741624303549
0.3606856305959505,0.3945837494345149,0.4825257170927578,reduce_memory,-0.06722276599801436
0.12340531958449495,0.11998674391938842,0.3962055386926542,allocate_memory,0.3473116675691402
0.23924412071331758,0.11267301584924164,0.3533447679688615,allocate_memory,0.2688091096475
0.4080139198519571,0.31081353472253787,0.2107757425823949,allocate_memory,0.12477630564164488
0.28111116514246237,0.23539436962861796,0.32770072731894456,reduce_memory,-0.07173003038481143
0.45299039816468223,0.48594817115870803,0.16531359938353818,allocate_memory,0.09042812617675246
0.47922347521007247,0.22815996986218942,0.15320396705894118,allocate_memory,0.07978502954898592
0.47042616259818126,0.4580669851612734,0.2340241766353544,allocate_memory,0.12393308126558568
0.4804277744408959,0.18188011675557766,0.46744273620185284,allocate_memory,0.24287026276983387
0.15236386983125585,0.14403498284846697,0.24093735670067315,allocate_memory,0.20422720864684493
0.12192228713681957,0.33472193990606103,0.2975732311339472,reduce_memory,-0.1125058066364293
0.26671681903864625,0.18934509465577654,0.49248685657721814,reduce_memory,-0.11488890048399145
0.37069301810839683,0.4269442999967513,0.11330045045384014,allocate_memory,0.07130076452206525
0.17432468641099536,0.2443916845164178,0.2673486461279858,reduce_memory,-0.08706885416532761
0.29458354958875754,0.37125177878520466,0.19516253627202684,reduce_memory,-0.04008959545425511
0.4975755652232896,0.33091329293758553,0.4058736594438962,reduce_memory,-0.0009840142149064928
0.4160454089645652,0.24545622771791975,0.46024780808120425,reduce_memory,-0.03863991650241278
0.12152300181983954,0.19551844884521263,0.2952813848847634,reduce_memory,-0.11175721216966586
0.19416805629167697,0.48102629200320524,0.34047932948844806,reduce_memory,-0.10412945512995861
0.48225936112934464,0.23009591595603707,0.2623151739569365,allocate_memory,0.1358112257499314
0.3275404947378829,0.28666615308671517,0.1195985919129651,reduce_memory,-0.020625913991355802
0.23731569859108897,0.3562761974798213,0.33800615592564487,allocate_memory,0.2577919889040619
0.4496202705599385,0.1837293915762675,0.1517425157291152,allocate_memory,0.0835160047515447
0.45948547766676895,0.32069317300704636,0.26985468835394866,allocate_memory,0.1458603779750175
0.33091647716890094,0.20921707921361024,0.19037104538838925,reduce_memory,-0.03218860699930791
0.25358920673597507,0.17791163448130443,0.381521673401379,allocate_memory,0.2847718948909415
0.3926850793692239,0.2535812739730948,0.4045810697981148,allocate_memory,0.24570812029315658
0.18328266329185086,0.4748541037719537,0.18376782220548918,allocate_memory,0.1500863663243238
0.2471259589699205,0.22922267971804874,0.3686317456726901,reduce_memory,-0.09321739918022566
0.4286863315612508,0.21777380805596486,0.16170380655371597,allocate_memory,0.09238359492271332
0.1408304393082594,0.4779123117338361,0.1494669699402953,allocate_memory,0.1284174709015291
0.3798479558731912,0.4055522841856233,0.47323268427497645,reduce_memory,-0.056859874363255146
0.2687836294442241,0.17402991394613668,0.1960250205564507,allocate_memory,0.14333670406940927
0.2112204622509038,0.24980645347433572,0.4051300575080341,allocate_memory,0.3195582994894519
0.2776639346902642,0.19669753578941596,0.12784873881340086,allocate_memory,0.09234975494928409
0.18176453455400693,0.19741666469795224,0.2596013414706966,reduce_memory,-0.08261435373333131
0.33687433524722066,0.16002208150905226,0.24500505977187031,reduce_memory,-0.03996661324308078
0.47077946600230103,0.13966021994821146,0.31335878124622674,allocate_memory,0.16583590154399624
0.33566902239225344,0.2742934058615948,0.3964849289801786,allocate_memory,0.26339722047614006
0.2659392432464127,0.40889961227469296,0.11434181857450923,allocate_memory,0.08393384187138563
0.4028979451449176,0.31708537488466926,0.10971686465273148,reduce_memory,-0.010653733010037181
0.15491001160803033,0.2485144319739867,0.4289449205270931,allocate_memory,0.36249705790903547
0.1863672486206639,0.42398629931423504,0.46653376072104014,reduce_memory,-0.14632026698628867
0.13234796331102366,0.38824125194004155,0.44681887563584644,reduce_memory,-0.16427386965859736
0.3010602306707616,0.2574497409292752,0.4141966109635594,reduce_memory,-0.08240017824204281
0.4913974823638162,0.2214135736877456,0.1339280975226562,reduce_memory,-0.0011521188209191943
0.2811355848733897,0.4649224532583549,0.4470978259824303,reduce_memory,-0.0978538041880236
0.3048785859839619,0.14536210307625766,0.31337516760641254,allocate_memory,0.21783378962408242
0.279692523635281,0.23522914186378305,0.37249357507060954,allocate_memory,0.2683099070211828
0.4019898623543935,0.1877195762415209,0.18396901347018174,reduce_memory,-0.01803082833273895
0.14511505226339835,0.49219923275597854,0.2569649552191825,reduce_memory,-0.09119299470309776
0.1486043599365654,0.26030812481613197,0.35322131699140324,allocate_memory,0.3007310892639451
0.23152104244722552,0.12205831275288458,0.49951225665851606,allocate_memory,0.38386465828177035
0.1784007044655096,0.31897734665970134,0.16895948881571582,allocate_memory,0.13881699698485972
0.4147464316399303,0.34194869856204135,0.3570899902367235,reduce_memory,-0.030443195893343128
0.48695212211492034,0.46026900289527084,0.47230160325266,allocate_memory,0.24231333527049806
0.1034758662438363,0.24904357877100913,0.14848324675856328,reduce_memory,-0.058877190798242
0.14610897107116894,0.20677957882996376,0.13592477498900185,reduce_memory,-0.04810255847777771
0.3734796399704594,0.24514237279208506,0.14021248774564943,allocate_memory,0.08784597830304183
0.23712021586017867,0.30311958219935975,0.33408355466126893,allocate_memory,0.25486559006465304
0.13081779309098757,0.3378670323022364,0.20256860142777097,reduce_memory,-0.07478472332557662
0.14918989274740616,0.4535486657185085,0.3251452387017284,allocate_memory,0.2766368554124878
0.2561022965339792,0.39861247657464016,0.4008875257989716,allocate_memory,0.29821930979003014
0.12964139136805763,0.3930251691773591,0.4195375828844842,reduce_memory,-0.15537935546590576
0.4694221129682704,0.22725132071170054,0.18967204662406711,reduce_memory,-0.005799770414747672
0.19706782073243803,0.1058507593405524,0.10852348254868827,reduce_memory,-0.03287525507017937
0.23797863260831198,0.3381393529250011,0.22457094663236368,reduce_memory,-0.058842386513057725
0.2164244802438566,0.29007371980822727,0.248967161863615,allocate_memory,0.195084573259494
0.19190257605968966,0.18847398997499845,0.1276181544590901,reduce_memory,-0.039318824636862294
0.1707861215042652,0.20344840903617137,0.3669700687665547,reduce_memory,-0.12081163963048398
0.27024816375846183,0.30179025494660994,0.44089512924141183,allocate_memory,0.3217440301538706
0.17290368473215778,0.23029403361129158,0.2500225633867773,reduce_memory,-0.08178145921763537
0.4890334864347383,0.48376948668595465,0.1493039236706265,reduce_memory,-0.0016373435042807204
0.45847887158047507,0.18255819635171885,0.16441108527501958,allocate_memory,0.08903207642280735
0.17004268644432374,0.49709747369072443,0.3575847943084516,reduce_memory,-0.11798771809837576
0.27620858698395445,0.2620632585730406,0.28404962820561697,allocate_memory,0.2055926817656259
0.29720881278322797,0.3091883093076905,0.25571671369049215,reduce_memory,-0.05185709596046628
0.3589570858575494,0.3175793406444383,0.20062422968582944,allocate_memory,0.12860874084538845
0.37794365084914305,0.12829142057840728,0.16322801803987952,reduce_memory,-0.01992301596107791
0.4732299209125064,0.1330519369418326,0.1443852858132464,reduce_memory,-0.0038652055202909774
0.17199587298600086,0.44847668837862464,0.30616117813063204,allocate_memory,0.2535027190236315
0.4528336384083719,0.4457460116261912,0.4509096639297787,reduce_memory,-0.02126776825407146
0.4771864181518035,0.1952432350440959,0.42530807563825335,reduce_memory,-0.009702800594272235
0.14670710668456294,0.14277636264389063,0.4362415191374638,allocate_memory,0.3722417880491281
0.10442554147026235,0.367293236914608,0.1317678559553627,allocate_memory,0.1180079262488484
0.3740759341732701,0.32642799889013807,0.26127700149097255,allocate_memory,0.16353956308024611
0.166844952331268,0.1795834807957657,0.31445887572891573,reduce_memory,-0.1047635617333228
0.21582580446869934,0.3159958448424126,0.17586230202312114,allocate_memory,0.13790667921326363
0.36332745694615676,0.18475588172591517,0.2540817172841232,allocate_memory,0.16176685308677036
0.35454775505227987,0.2799683801112807,0.25270693890129836,allocate_memory,0.16311026102770937
0.26384379385696033,0.2949726584554865,0.23715174956314714,allocate_memory,0.17458073223859066
0.16362754699218612,0.48492300270650424,0.3393587449793958,reduce_memory,-0.1141509334983725
0.4027680322098651,0.33975088177431534,0.22426336105393965,reduce_memory,-0.02180556789850405
0.19676058431950924,0.19773565092260417,0.11043112791992292,reduce_memory,-0.03348707070337495
0.20709623049009146,0.19584080564732842,0.41649973286424247,allocate_memory,0.3302442081879278
0.12520623533161626,0.11375449025035476,0.4451188740218285,allocate_memory,0.38938721553050737
0.14286128302924297,0.4501475189702572,0.10579192451211283,allocate_memory,0.09067835444217957
0.43351531559795564,0.17969803828723407,0.3842961724964038,allocate_memory,0.2176978959935389
0.24329283492388748,0.44488453384397786,0.39394438625624373,allocate_memory,0.29810053972161127
0.21072330824239402,0.45274063900109596,0.359416724086149,allocate_memory,0.28367924294907193
0.11546006963525093,0.4340237314056439,0.4809608364448529,allocate_memory,0.42542906477710163
0.2429754543922248,0.33042512225118653,0.14825940330080056,reduce_memory,-0.038106305765468154
0.10133291102130615,0.3413744338518553,0.44192370755198684,allocate_memory,0.39714229181641564
0.13402125567772138,0.17432706335110143,0.3214197569463182,allocate_memory,0.2783426775207446
0.37869477255212625,0.16711448810794505,0.4931306120863893,reduce_memory,-0.059819321060648654
0.17174624523859153,0.4643302941124783,0.19177152082757898,allocate_memory,0.15883548218174795
0.3169280644144493,0.4163739765444695,0.33675025403366887,allocate_memory,0.2300246478317041
0.257229929732364,0.21331327142089773,0.13808730111104872,reduce_memory,-0.0335234637937975
0.1857657368888925,0.14654604241570604,0.10233899182012429,allocate_memory,0.08332791359219256
0.3719937243502097,0.26022421492671677,0.38283306755924085,reduce_memory,-0.04900503517384297
0.2527634989136696,0.20611892191414036,0.44460722649986417,reduce_memory,-0.109923135037524
0.25089299971044654,0.3769499572497148,0.2368190286816556,reduce_memory,-0.058993277846372955
0.47966410377873714,0.39396832561936024,0.15856022222639946,allocate_memory,0.08250457533721617
0.14860721636488097,0.3671311809785188,0.4826728347052578,reduce_memory,-0.16960775097213424
0.18906369698720193,0.16856034355015637,0.16997485864800083,reduce_memory,-0.0528513541531323
0.18917498606468675,0.3276252850747211,0.4156121059368211,allocate_memory,0.33698869158790784
0.18144965459421655,0.160784448086128,0.46180772383261814,reduce_memory,-0.14710900993793916
0.3290541838328207,0.4189039451286455,0.44903973509254114,reduce_memory,-0.07676146400688842
0.3041708087477495,0.16819808737708775,0.47978458595544093,allocate_memory,0.33384812042067036
0.27283110764104057,0.24779660411729473,0.15927315950469298,allocate_memory,0.11581848697953946
0.13324884191291228,0.45847221314876085,0.3743010340075551,allocate_memory,0.3244258546992428
0.27758365137453844,0.13980848967777726,0.15231388146194802,reduce_memory,-0.03387709735973786
0.49404717560891453,0.4598826554833769,0.18777452409840803,allocate_memory,0.09500505081628148
0.2570993046756139,0.4107131466444054,0.1133578313012149,allocate_memory,0.084213611694137
0.2650303370468886,0.4433955939392328,0.3382330710132493,reduce_memory,-0.07947451069557898
0.4134110979369042,0.4963509311801332,0.23994758175209482,reduce_memory,-0.020776797656608805
0.44151265161481745,0.4315083655019939,0.19431325321331833,reduce_memory,-0.01136486693654554
0.47061467487627806,0.2903905796711846,0.28295889484075,allocate_memory,0.14979428654191948
0.3196217312403219,0.4972378944766168,0.15271496905081114,reduce_memory,-0.027546461731073137
0.2705629262773145,0.31975151386202616,0.10082922105380732,reduce_memory,-0.023133961424323345
0.279260290395165,0.4836250639225428,0.24328427876675807,allocate_memory,0.17534464042977493
0.2753427049527387,0.4131980947590427,0.2617515049434772,allocate_memory,0.18968013754689003
0.41563182361804185,0.20882301478129683,0.15302065733325884,allocate_memory,0.08942040247460498
0.19068833217636338,0.23899731026038462,0.14910027462724257,allocate_memory,0.12066859193153594
0.2681888584321793,0.16746204281990068,0.1163890514419609,reduce_memory,-0.026980278880756763
0.12433100208806658,0.26614215933275187,0.1803659056508806,reduce_memory,-0.06775787903334464
0.29273422375757785,0.3178177966203015,0.44783412811560264,reduce_memory,-0.09282068819172871
0.3559139625254163,0.35332800029647404,0.1435083675741613,reduce_memory,-0.02067755202820694
0.10715786447675507,0.4646605011943151,0.13905074841063994,allocate_memory,0.12415036715706122
0.36439935381896593,0.33809573892189204,0.10897838763892254,reduce_memory,-0.01477753978360511
0.21534476626173482,0.22764589774474284,0.3934931658343286,allocate_memory,0.308756472012145
0.19478910621226053,0.3416176666414886,0.27718642857705145,reduce_memory,-0.08460031761183329
0.27145135879646454,0.21371221830566817,0.2692653745515653,reduce_memory,-0.061540235476921286
0.19272965635034148,0.10564192165023273,0.14360558661835443,allocate_memory,0.11592853125940979
0.2922933288644113,0.44630455098286226,0.48236370727568334,reduce_memory,-0.10019015991485374
0.3213003718648527,0.2880413317286899,0.36765739012780785,reduce_memory,-0.06570023889697803
0.46432355934648506,0.23397152568718904,0.28325800999646067,allocate_memory,0.1517346425815018
0.28808789508703503,0.2683367634242303,0.18968131716156186,allocate_memory,0.13503642576315122
0.17038094034371132,0.1698124161446548,0.42717592148111916,allocate_memory,0.3543932862869747
0.11560503074724254,0.4001347516997752,0.24493827661769868,allocate_memory,0.21662217961813304
0.13598379703693744,0.31242544389149596,0.4689436911320134,allocate_memory,0.4051749474153654
0.22341101021187526,0.1774454333864667,0.4143211540726375,allocate_memory,0.3217572464891195
0.3998384633878822,0.48144744398377803,0.33792867728780274,reduce_memory,-0.03384745558244679
0.43171375668728473,0.33597652475070505,0.23189246849783163,reduce_memory,-0.01583506552622909
0.36646010077316415,0.25248309021183213,0.4826577817791533,allocate_memory,0.3057829624294129
0.13316374218575083,0.33999729220462604,0.16128750687105856,allocate_memory,0.13980985888829842
0.24498244129386673,0.10288134806243177,0.47695320588134194,allocate_memory,0.36010804512159456
0.404897037812594,0.4197617922967559,0.17059178158138993,reduce_memory,-0.01622378375321715
0.21802695376351988,0.36894558815082323,0.10296115209422899,reduce_memory,-0.029032269700027293
0.2382230407681859,0.4712500159850219,0.32502024417255126,allocate_memory,0.24759293329454785
0.1179118588035058,0.19566635779730276,0.19213368667441016,reduce_memory,-0.07341200320265501
0.2840997490034156,0.3654298785841167,0.11823289811542699,reduce_memory,-0.025526512379174277
0.4345091477678855,0.4313054473767014,0.1519357672561683,reduce_memory,-0.009950402882146657
0.21212646660590717,0.17310861187800647,0.2536012966536683,reduce_memory,-0.07300510134101502
0.20471227227155084,0.2860962688842149,0.3009199367374745,reduce_memory,-0.08885796434739751
0.10540185753839114,0.12024650195365845,0.36228342360116894,reduce_memory,-0.14295636599765343
0.3937499904676597,0.27248765407950226,0.13616981036587303,reduce_memory,-0.014468043649390982
0.367902803552314,0.2367443831904447,0.36010033823164533,reduce_memory,-0.047568245120263836
0.332771097396867,0.32900687006520535,0.2864596098594812,allocate_memory,0.19113413112666328
0.1781452563546871,0.3683317507436531,0.3686074790861721,reduce_memory,-0.11863806568702495
0.4209135320863019,0.281154157150584,0.20360846375191627,allocate_memory,0.11790690611143143
0.22929951186869563,0.29714415405670114,0.23026855669136267,allocate_memory,0.17746808904332417
0.37719328078592185,0.4947097502681842,0.45515568401803097,reduce_memory,-0.05589617628589401
0.19290162559411567,0.1923236464255021,0.2679519583575925,reduce_memory,-0.08228761083048987
0.49861837194749903,0.20386048657331135,0.49795763131455384,allocate_memory,0.24966680788965803
0.24133042027313276,0.15520457810037072,0.3988104994201722,reduce_memory,-0.10316014427567796
0.3997606529769041,0.44197798100498753,0.16582866931831974,reduce_memory,-0.016622557530177266
0.20797591423602368,0.3028213135529848,0.14623337446356768,allocate_memory,0.1158203547176884
0.4731667940747152,0.2370006036102506,0.32252892476389483,reduce_memory,-0.008654485055050285
0.24173552697244874,0.24612384330535897,0.42003980063070356,allocate_memory,0.3185012580758381
0.3746874770789874,0.4802067932484848,0.34276464343537816,reduce_memory,-0.04295270223700853
0.3539450734719122,0.329320321829775,0.4660265134243874,allocate_memory,0.30107872489053356
0.40836970671696526,0.3523290914196088,0.32026713065005574,allocate_memory,0.18947973643540847
0.22490998411864213,0.3199359648186689,0.4072101442388155,allocate_memory,0.3156245171651135
0.4356990311873038,0.43059234592218343,0.3506285627109178,allocate_memory,0.19786003763117413
0.1939901110296347,0.2211549831884254,0.25505133669828034,reduce_memory,-0.07804823122478402
0.16464445834766056,0.2523838470768113,0.13122521818586286,reduce_memory,-0.04400710412316646
0.4370305231240271,0.3540670302272263,0.4578426528589682,allocate_memory,0.25775143877152096
0.39528938468383,0.22727911913369453,0.3129266047961282,reduce_memory,-0.032766737337002534
0.18746206942361887,0.1465425198145348,0.25386524177240666,reduce_memory,-0.07934251730882064
0.2050463860307586,0.20586579098254223,0.44002848380057236,reduce_memory,-0.12978799154638462
0.49282194976345295,0.14295795789090687,0.1380065387360303,allocate_memory,0.06999388723603435
0.39136659726998846,0.43636450015080863,0.41135030213969104,reduce_memory,-0.044686383035452984
0.3502172475466503,0.44961190918102545,0.3558751318370156,reduce_memory,-0.0533039567762469
0.2953026429562353,0.12757841086427898,0.13817706720617956,allocate_memory,0.09737301406425339
0.2634583872025996,0.44893767369941917,0.38596113748664196,allocate_memory,0.28427643868153046
0.14893987982001083,0.4999225762229319,0.34638170269256885,allocate_memory,0.29479165352168696
0.3737250935447167,0.25648214303599515,0.4772763110571946,reduce_memory,-0.06026802153206993
0.21978311596478287,0.2809673855164264,0.1779701191641565,allocate_memory,0.13885529182563447
0.11666998811653753,0.3908907643100278,0.17970200809901857,reduce_memory,-0.06888517290007887
0.29956532223117827,0.2920328872565505,0.36844046417441045,reduce_memory,-0.07384824571379307
0.40622087320167755,0.29498953791058724,0.16228077177346073,allocate_memory,0.09635893495980337
0.16233827630523964,0.1707815456611313,0.3660420420812861,allocate_memory,0.3066194079145601
0.4540114983764093,0.2636535841576987,0.33958221814581374,reduce_memory,-0.015616877390541285
0.43278599194617096,0.2972235364646357,0.2345780876850291,allocate_memory,0.1330559773174279
0.17705607055931935,0.14297013388013596,0.48576401152269055,allocate_memory,0.399756544423351
0.43457508321213834,0.12191387608561272,0.3630969659726546,reduce_memory,-0.023755588784685967
0.34527148777158817,0.3859055041026681,0.48602748285035935,allocate_memory,0.31821605074873577
0.12863694474731602,0.37771112928527073,0.4193643983137606,allocate_memory,0.36541864337888197
0.4828940051238185,0.2765622503515486,0.30495486958193074,reduce_memory,-0.005216556436535097
0.3333653690704553,0.14854460621492196,0.47159395896651213,reduce_memory,-0.0785838853009876
0.14199615770641327,0.3231967195276275,0.3756224320117728,reduce_memory,-0.13447427391187622
0.4152971431323301,0.12809052289750286,0.47350641964970674,allocate_memory,0.2768605563143653
0.30392657237172693,0.303913685494168,0.2864575225870245,reduce_memory,-0.05616670832354135
0.10761573724267795,0.1949716291498297,0.17418609273899877,allocate_memory,0.15544092795146994
0.1470439288351956,0.13561680444251248,0.32379536234943274,allocate_memory,0.27618322013095636
0.17124424097117644,0.38677183294079365,0.4496880373686035,allocate_memory,0.372681550735599
0.2945784563052117,0.4069292503255414,0.47458916061230416,reduce_memory,-0.09749083799379335
0.4494012775211309,0.2485094473212704,0.4624073045067917,allocate_memory,0.2546008711263369
0.21716873669913503,0.4016707209323269,0.2631413474053622,allocate_memory,0.2059952734160315
0.21583401415223136,0.26374555173371533,0.20488309136552074,allocate_memory,0.16066235132418202
0.21403549218564788,0.27292248491644205,0.3643628644848993,reduce_memory,-0.1041948472082517
0.49012880381826907,0.2000207172845496,0.2989841285222666,allocate_memory,0.15244339524900044
0.4110219155545046,0.16053575494934674,0.16840191446038133,allocate_memory,0.09918503699582956
0.38980889831357934,0.16151621292106355,0.2342720504330198,allocate_memory,0.14295072054806104
0.4370304990306553,0.37553077527170897,0.439878835324806,reduce_memory,-0.0276989507473796
0.3505227730506434,0.33570008074825985,0.4403542615670496,allocate_memory,0.286000064677899
0.22304371612205898,0.49647139726582823,0.13067423036962042,allocate_memory,0.10152816442659027
0.3772611074606813,0.4277050991248613,0.3982324701325264,allocate_memory,0.2479948474235268
0.11856365697991778,0.410346176199091,0.3551527731761791,reduce_memory,-0.13546817501376252
0.17447960419080444,0.16354811983650186,0.4451530550073245,allocate_memory,0.36748292616531913
0.21402800859080187,0.1515664063011446,0.2921059494349668,reduce_memory,-0.083534120062392
0.27417375617267703,0.21497118312017355,0.26087111259933443,allocate_memory,0.18934709978102954
0.3400268075369828,0.21564442342805876,0.22172892199493002,reduce_memory,-0.03547068351291227
0.45298379711828984,0.46424670759865094,0.43886238802330957,allocate_memory,0.2400648370841105
0.27537723853173635,0.3282950327354606,0.3255497592596911,allocate_memory,0.2359007655500858
0.4841457787475244,0.36679777908533384,0.4388924193640892,reduce_memory,-0.006958297522632575
0.14772987000167515,0.2035072579334441,0.2882605003320165,reduce_memory,-0.10154556392534161
0.4665706899818446,0.4975557600418883,0.10684235584238061,reduce_memory,-0.0035716662365250194
0.1830388867970485,0.294431155106741,0.2489763788433179,reduce_memory,-0.07891583019941784
0.41717376964880337,0.22714358566593262,0.19669467358063497,allocate_memory,0.11463881513316058
0.35128062980609187,0.2537653764773721,0.2535165306152376,reduce_memory,-0.03770281876684276
0.2876995204398981,0.4059482479257205,0.3921466114435497,reduce_memory,-0.08325291366733453
0.15625411063480052,0.27841331976981687,0.27740654851047475,reduce_memory,-0.09535736073346349
0.18986373797461092,0.3276502024869603,0.16419790252156902,allocate_memory,0.13302267498123313
0.47317921694656007,0.16977981692980432,0.24158004372162598,reduce_memory,-0.006479365942698264
0.4369626690366213,0.3166396598238027,0.28851365429306297,allocate_memory,0.16244395785965712
0.4974825816689623,0.21363647208441303,0.32328196748365473,allocate_memory,0.16245481969286465
0.38992223888966304,0.17965180430349417,0.33510275691083496,reduce_memory,-0.03688736122264621
0.3367155644818062,0.2728362230235613,0.3486223194500445,allocate_memory,0.23123575836546623
0.1929362110648839,0.21169092744911544,0.23596541443684518,allocate_memory,0.19043914143304522
0.11142204995166193,0.14345964537647196,0.30790895308847693,reduce_memory,-0.11964662979265026
0.4751881775879009,0.24986098475942353,0.4697420004524807,reduce_memory,-0.011655155094731135
0.2833443179753563,0.13230021821418028,0.3213418249246748,allocate_memory,0.23029144470443647
0.2641897763244353,0.16695937198927094,0.12238016500739923,reduce_memory,-0.02885849408384733
0.17572377215013693,0.18829328726458897,0.316335955902733,reduce_memory,-0.10258023051341889
0.17965342645611826,0.328311428886857,0.3321457435746996,allocate_memory,0.2724746226586896
0.15473840990369886,0.15148830795447663,0.2221947875034187,allocate_memory,0.18781271939624944
0.41673971378984176,0.30410646941902475,0.3312201342093998,allocate_memory,0.19318755027754153
0.19852859523745017,0.3190519813411751,0.4513062349970083,allocate_memory,0.3617090421411497
0.36572495169983255,0.1300153485180233,0.12121395717879549,reduce_memory,-0.016276009954837193
0.2542310833848346,0.36986295503290256,0.3417692581276602,reduce_memory,-0.08399626030240387
0.3654318204206122,0.11528592721918979,0.30685270146844934,reduce_memory,-0.04129260943562657
0.25464907016190064,0.49897315410358056,0.3275420039222028,allocate_memory,0.24413373718444822
0.4082519482080069,0.4318925149235632,0.47074910951551663,reduce_memory,-0.04319031368086424
0.1328662714757357,0.17352266627423024,0.1347913349704356,allocate_memory,0.11688211286567687
0.13613189166567335,0.17849137414894073,0.39674240537578676,allocate_memory,0.3427331112279915
0.2631331033029898,0.27435836283788206,0.3081790377502909,allocate_memory,0.2270869311741276
0.4504803209773085,0.30494038384132505,0.18049979370051084,reduce_memory,-0.00893829184771133
0.12352838386035217,0.2687310866347198,0.2516603342599819,reduce_memory,-0.09474297275709938
0.2772937331358253,0.2558791894578416,0.36859451519586295,reduce_memory,-0.08208830846588096
0.2907873106779376,0.4698043659282888,0.4446025672741235,reduce_memory,-0.09301649877891253
0.30936832439579576,0.3450426374995597,0.3119614341842163,allocate_memory,0.21545044801453597
0.24963307800378748,0.25013604745016194,0.17815253083924568,reduce_memory,-0.04460350079205727
0.23835126942210688,0.17354072002479243,0.2738489994775198,allocate_memory,0.20857674282207908
0.2737128039055492,0.2764135218264052,0.37529601169587556,allocate_memory,0.27257268804002766
0.22068678321952212,0.17658250846384474,0.17360122847349424,reduce_memory,-0.04848911756197437
0.2972186710773823,0.31399557058132055,0.37854581911904706,reduce_memory,-0.07676202425906122
0.20981639453652914,0.2796891381717703,0.4408659655778311,allocate_memory,0.348365058206425
0.44454379169032954,0.14899960654781072,0.10050197054847457,reduce_memory,-0.0055734582142685715
0.31515821466350924,0.13692417828581638,0.16938575895115593,reduce_memory,-0.031309566095108134
0.3788398431894898,0.18079271277179984,0.21266827287550855,allocate_memory,0.13210105772797126
0.3879158587311421,0.1254303794742561,0.3676827049644984,reduce_memory,-0.04121140024535664
0.4491981157523822,0.3019749519829896,0.1363898383996412,reduce_memory,-0.006928860782929866
0.476925905244586,0.48647270491572325,0.3627395213431561,reduce_memory,-0.008369886087005503
0.26893255477719236,0.18405807272051675,0.17543818305504383,allocate_memory,0.12825714428058216
0.4482259590331059,0.32467352783003045,0.20657041449461935,allocate_memory,0.11398019234990239
0.421489633336244,0.12481880640051651,0.27601712572597903,allocate_memory,0.15967876860921215
0.34593050243663837,0.291371106546634,0.37785468543331635,allocate_memory,0.2471432242533313
0.1759218371393513,0.4579752479483977,0.23905249764258996,allocate_memory,0.1969979430845551
0.13301955361964413,0.22093764444147004,0.22097418445251066,reduce_memory,-0.08109320484891745
0.39550892415701333,0.4285036969686856,0.37336306197174685,reduce_memory,-0.039013108025459535
0.3635227807810256,0.2527670340020443,0.24133918392804282,allocate_memory,0.15360689267509728
0.49006953126062425,0.2669496051086361,0.10423378844635925,reduce_memory,-0.0010350903777532762
0.4320656826229258,0.20740264511043094,0.1392195705756544,reduce_memory,-0.00945778649258649
0.3360453520009389,0.11873289820637783,0.44951084822533227,allocate_memory,0.29845481700520987
0.17329416465699732,0.4232116168838739,0.14110561259243087,allocate_memory,0.11665283332981169
0.35780255852502996,0.17731735083150812,0.21859722415215638,allocate_memory,0.14038257806404536
0.25803124522590204,0.10720794305350734,0.10491781564821588,allocate_memory,0.0778457410301251
0.2621297955634745,0.48192368131920515,0.27669535118488225,reduce_memory,-0.06581757975298416
0.18590348759869985,0.26530485416630617,0.15826068218404943,allocate_memory,0.1288394694162852
0.1703093994850265,0.31803838903525616,0.27229273651243735,reduce_memory,-0.08977235581665093
0.10573500961056195,0.2323803298182554,0.45671619037724775,allocate_memory,0.40842529959841023
0.3182524435268712,0.20258428077115306,0.13836711075032082,allocate_memory,0.09433143965027802
0.37336151387455097,0.15499371785498553,0.12864980969756856,allocate_memory,0.08061692198921147
0.38666342040171475,0.35118936122577105,0.2942893154754003,reduce_memory,-0.033353744428302586
0.3534512562915961,0.4749288455150764,0.18466504553246668,allocate_memory,0.11939495319587153
0.21609713148577683,0.20749182620288617,0.245388095001886,reduce_memory,-0.06966638407027614
0.36395075870079885,0.10215987957112459,0.2592624519459801,reduce_memory,-0.03527245988462119
0.430380137270725,0.38712722107289965,0.15634575273827536,allocate_memory,0.08905764621308158
0.17518602563418526,0.3694263550101403,0.45507175689657087,allocate_memory,0.37534954442749446
0.2922351166861442,0.3733672571471329,0.4704320681328641,allocate_memory,0.3329552978091524
0.15714686781461631,0.4466675427255089,0.3588762626161447,allocate_memory,0.30247998201300186
0.4311644223548958,0.3907722546282435,0.3684328477461788,reduce_memory,-0.025361287898038935
0.48131477959758673,0.45293196971379357,0.4566853812546112,reduce_memory,-0.008533267003302545
0.3413245992660655,0.1785785746502172,0.1928155089308159,reduce_memory,-0.030595078147314738
0.27138520156652934,0.2764661376385409,0.27410852481336934,allocate_memory,0.1997195275557891
0.10741091196326483,0.31535333123151466,0.44103136619739136,reduce_memory,-0.17314410185102927
0.435594230953801,0.15296028434965925,0.26246466178325245,allocate_memory,0.14813656928122712
0.38863180465499647,0.21147214935934971,0.3931912188354668,reduce_memory,-0.043788996467208297
0.4870722756587109,0.4560401196361099,0.19701706196573474,allocate_memory,0.10105551325049106
0.46496870904704246,0.3296557928015861,0.2632096575494425,allocate_memory,0.14082540286996406
0.20098012919351083,0.35488754460039607,0.46159318107091407,reduce_memory,-0.1380255333689811
0.2831132354485993,0.41052940346096944,0.33246778828520474,reduce_memory,-0.07210786291873814
0.16182824697994602,0.30125271548181193,0.13720532215843595,reduce_memory,-0.046398964317999544
0.1411734736159203,0.42803453959317406,0.1433297231224235,allocate_memory,0.12309536823682289
0.3377187096033242,0.3840116510458286,0.35596181384319137,reduce_memory,-0.0577659424824144
0.30004295507197654,0.241553740121826,0.17514691572269486,reduce_memory,-0.03502185969616763
0.18993785576761182,0.44575334810379064,0.4956956784663723,reduce_memory,-0.15369646495201186
0.4591436181091806,0.4128604620533155,0.4526593108440651,reduce_memory,-0.018494021670280258
0.25907626755631524,0.13789693752904217,0.2317105573388524,reduce_memory,-0.055824572320682754
0.3998158907786029,0.28528319952910164,0.2875910173230617,reduce_memory,-0.028812049890586316
0.13796546404258328,0.46938124630344247,0.3000522152715744,reduce_memory,-0.10862926451883935
0.375216285904476,0.1504790441833738,0.23093537107360868,reduce_memory,-0.028816973318592932
0.19395599397965835,0.3061253665305542,0.17049711809419002,allocate_memory,0.1374281800835642
0.3967659571762453,0.15198974892324132,0.425429484665082,reduce_memory,-0.04391880563840297
0.49094750331057413,0.4323707404488537,0.21739972028987065,reduce_memory,-0.0019680102482061645
0.18411644929031443,0.28356955588001787,0.4957661485100867,allocate_memory,0.4044874455680748
0.49245575471753367,0.35107536518914795,0.16029629417429236,allocate_memory,0.08135746164826742
0.32471777710041067,0.29136556044719325,0.11896696278236125,allocate_memory,0.08033627507928563
0.30544778146197493,0.3083904446018252,0.2068701410418731,allocate_memory,0.1436821154099071
0.4836268389641073,0.23113592491821544,0.2840219005208514,allocate_memory,0.14666128657537392
0.18909818323377575,0.48160254306561345,0.3068772309045521,allocate_memory,0.2488473040646894
0.469801192133947,0.25245040152494,0.10938371568549021,allocate_memory,0.05799511565640619
0.23092255085630198,0.371150340630345,0.20346659635199213,allocate_memory,0.15648157090834056
0.11330213898991276,0.25758403702275146,0.21302318107892815,reduce_memory,-0.082375608468786
0.22711373578227462,0.3597665860801199,0.344174431816498,reduce_memory,-0.09392047493766238
0.40280926748971846,0.16294871760645138,0.40035098096110433,reduce_memory,-0.03891040510081951
0.186567160098612,0.3453014906806263,0.23775385531210405,reduce_memory,-0.07451986606797649
0.35783629591265886,0.1478740126178992,0.11186422656052702,allocate_memory,0.07183514608297356
0.15041717719474065,0.4707559351729603,0.38307034064484935,reduce_memory,-0.13391481101559868
0.41832211868490654,0.1296810794902485,0.4481811585779849,allocate_memory,0.2606970667669862
0.36927491858637096,0.2892199491939794,0.33246126108808294,allocate_memory,0.2096916559666589
0.4869906828417955,0.45937287949521555,0.4590886995830378,allocate_memory,0.2355167802881423
0.1987806325182119,0.4750327177651513,0.10687173654576868,allocate_memory,0.08562770515688108
0.30642095723564566,0.32495698454779176,0.3524309814232387,allocate_memory,0.24443874273603183
0.4425620869621695,0.32475462348362194,0.4285916110653444,allocate_memory,0.23891321321778713
0.40599439982724306,0.39619395027029247,0.15961521001505724,allocate_memory,0.09481232862169472
0.3131041048643999,0.3245843416301924,0.47170145718660283,allocate_memory,0.32400979467095853
0.4479418292660349,0.28114150475418687,0.3508505378268847,allocate_memory,0.1936899061137378
0.21432252246848266,0.17038646933364335,0.49952004470145617,allocate_memory,0.3924616486974709
0.2172807804449672,0.26196424641446514,0.21344850375175853,allocate_memory,0.16707024627176592
0.3073065296104201,0.43509189801591763,0.21487705814371913,allocate_memory,0.14884393511267635
0.4194075170256085,0.1466020771568359,0.11055431716086656,reduce_memory,-0.008909846923532614
0.17270377760371272,0.3865223324092628,0.23512935574709487,reduce_memory,-0.07695694991049691
0.35811703140574835,0.2853481146545739,0.11604186813085393,allocate_memory,0.0744852987970552
0.37560099113261747,0.44343136452479237,0.26757236689837327,reduce_memory,-0.03328573724245727
0.38312397471988413,0.2892905034443565,0.3519175684825614,allocate_memory,0.21708951087176545
0.3084108016288492,0.3900575377805351,0.478027019448954,allocate_memory,0.3305983231804526
0.19916525758734538,0.3625763393509026,0.3225269620405816,allocate_memory,0.25829079656690523
0.2058408158740122,0.25940498965153275,0.2852014982821037,reduce_memory,-0.08389464004617295
0.28982254340583546,0.27816850357251877,0.19661910375943964,reduce_memory,-0.04132490314598316
0.4682775350653151,0.25370023487492166,0.4857772944817652,reduce_memory,-0.015410053190263893
0.41806340969158684,0.20561260771156997,0.269909810254219,reduce_memory,-0.022115489543021477
0.19367552209411243,0.386187385331454,0.27250013732542455,allocate_memory,0.21972353095820563
0.1604028565264536,0.32814147261104076,0.23686156289101423,reduce_memory,-0.0804375101564682
0.29556852308515197,0.43074968372887845,0.17528694298011788,reduce_memory,-0.03583416863731425
0.2710832216528125,0.3605972799735703,0.4094295133674105,allocate_memory,0.2984400418440296
0.2228463723523338,0.4137914738794515,0.3084628505570838,reduce_memory,-0.0854915980264357
0.2103903553316232,0.4117275084078601,0.1057363687887333,allocate_memory,0.08349045658779615
0.15910782654608602,0.4486371323187226,0.3574928721755648,reduce_memory,-0.12186652219021053
0.4879335445302765,0.19867507222856606,0.3583710959162896,reduce_memory,-0.004324268870509922
0.3055538916831757,0.24285435773334452,0.4754714474123174,reduce_memory,-0.09245357256509269
0.4244528765778742,0.47843839963469736,0.14546405489653674,reduce_memory,-0.010989390908751541
0.3151037605239818,0.4280295551348362,0.18863759479234055,reduce_memory,-0.03487838190090468
0.24450084778637243,0.4591701248478889,0.31073909621164486,allocate_memory,0.23476312374752656
0.2387418989745438,0.4875861519280644,0.24789389371919124,reduce_memory,-0.06476428792888217
0.4963358130978406,0.49706485361361696,0.3615075579860515,allocate_memory,0.18207841025202987
0.3668443435484532,0.3945062668365519,0.477876198660529,allocate_memory,0.302570018265477
0.2832311794392282,0.38366855730749483,0.33752484391998405,reduce_memory,-0.07316486232649352
0.1521793619100409,0.10203427715216434,0.20050615866841626,reduce_memory,-0.06974018004901512
0.16688746271029264,0.29759204941644035,0.48345812330555626,reduce_memory,-0.16104596212763406
0.4004717010212847,0.33446744417168006,0.10311713101242681,reduce_memory,-0.01026307264523217
0.465230240345995,0.32740172208830437,0.16037258231406593,reduce_memory,-0.0055761161421522005
0.45911487954015917,0.3632740596832572,0.2243067915007452,allocate_memory,0.12132420594084097
0.35278345625992613,0.3361974237738674,0.4967238339244079,reduce_memory,-0.07312596602366978
0.21795711273082344,0.3777315447480636,0.20692399039611026,allocate_memory,0.16182343489463344
0.4054889048502722,0.3214514534221685,0.23397192957221358,allocate_memory,0.13909890808427167
0.4894367050700299,0.307583557653919,0.42836055777461357,allocate_memory,0.21870517779544651
0.4063357295289268,0.27726385978621937,0.3054684210256085,reduce_memory,-0.02861147680731425
0.2485551020439242,0.42532357083009675,0.42721768390212955,allocate_memory,0.3210305488848668
0.434731514158764,0.37076021603220555,0.4540549610313549,reduce_memory,-0.029635479795217957
0.46024300545086405,0.28601039059581956,0.45153224465813147,allocate_memory,0.2437176873186982
0.40433937656693186,0.39337438529250124,0.32424833058861063,allocate_memory,0.19314196274554338
0.47927962207078456,0.32565592954201406,0.16378819722346327,allocate_memory,0.08528785195854667
0.45050188603069896,0.2876055510019447,0.49524310272828975,allocate_memory,0.2721351509055
0.2104901503981052,0.3271622437834568,0.421247065196922,reduce_memory,-0.12195517449040047
0.44569964466880163,0.48640275883339845,0.44231734957164115,allocate_memory,0.24517666403671456
0.1505572184586429,0.38295713077620597,0.365026543306765,reduce_memory,-0.12755589062954262
0.22446336872872807,0.20828325654192137,0.29438932779839433,allocate_memory,0.22830970756298094
0.20653066449160962,0.30118341767493356,0.3071947037933309,allocate_memory,0.2437495774905911
0.4835794214938377,0.23590999147652014,0.13009540052558327,allocate_memory,0.0671839420004126
0.13877350542956815,0.10072822612383794,0.46352688097447436,allocate_memory,0.3992016308408124
0.49810932956472664,0.19770462332781685,0.12560848646575723,allocate_memory,0.06304172748465886
0.17280939150322752,0.31147194685432533,0.4784246595817476,reduce_memory,-0.15653605548841326
0.45478373842342135,0.2671663837085485,0.3309557053423845,reduce_memory,-0.014964579743022347
0.4400740766696879,0.11710749568435204,0.24429266951806317,reduce_memory,-0.014639463783696726
0.4139741694855239,0.11663708155831065,0.155243149135434,allocate_memory,0.09097649540377538
0.33536894883526147,0.2497267480914793,0.12707795489300677,allocate_memory,0.08445995474040432
0.43562814345191614,0.3214934717613712,0.14376357746707372,allocate_memory,0.08113611711908666
0.2057261857226254,0.25131522329985945,0.10840295836441181,allocate_memory,0.0861016312190528
0.11322189773322085,0.28704298360020625,0.4493272410044973,reduce_memory,-0.17378993757248717
0.4687142636595707,0.37990262867310254,0.36192230461823716,allocate_memory,0.1922841581071253
0.17673748980862214,0.17935478950867836,0.39241071065942823,allocate_memory,0.32305702668346337
0.2058732398188907,0.2268601835276384,0.393483451313271,allocate_memory,0.31247573837628917
0.23868769760590158,0.11970964968036948,0.4238357611736224,allocate_memory,0.3226713791760457
0.43699759828778384,0.4196087638144659,0.4410463440862177,allocate_memory,0.24831015098693304
0.2860084143142271,0.22009278221391693,0.14949221159794213,reduce_memory,-0.03199007540751673
0.3365810211252047,0.2966845178753435,0.15285601731149467,allocate_memory,0.10140758291965983
0.37681689875158475,0.30062125119383865,0.4784704603559138,reduce_memory,-0.058939475162398385
0.4808958508772051,0.11729882307224773,0.4845797247893062,allocate_memory,0.2515473457189109
0.30008722256487724,0.273903572869431,0.2636889123389653,allocate_memory,0.18455923901401183
0.10829476541712042,0.26344423272220563,0.27820630265188606,allocate_memory,0.24807801636863563
0.1513352764592292,0.2058422163817284,0.27721479793980086,reduce_memory,-0.09665502088509131
0.18298716003497179,0.3233109425546792,0.13733461637608999,reduce_memory,-0.04353683676289196
0.19592054137436424,0.3462539814177634,0.16586823071886814,allocate_memory,0.13337123715961954
0.16158783231613785,0.31174359769150783,0.31789683033986516,allocate_memory,0.2665285706250753
0.16087038343746413,0.2993467971021846,0.2022332516287218,reduce_memory,-0.06858328508104326
0.440737119828993,0.3153560661053191,0.3455483061768737,reduce_memory,-0.020478187862254506
0.1994734886437915,0.10623927620840662,0.29967597246686256,reduce_memory,-0.0900605745427454
0.17690077385295044,0.285743865743656,0.46931415501619933,allocate_memory,0.3862921178136901
0.2818150838565536,0.2703204055585817,0.24318531863700438,allocate_memory,0.17465202767263427
0.29273791512662184,0.4397428377207908,0.44950027500586165,allocate_memory,0.3179145016518026
0.3721759077969641,0.3995852270893617,0.26582889779364205,reduce_memory,-0.03397933754180591
0.27780922527387936,0.3347906097962966,0.30520096803777946,reduce_memory,-0.0678128395354762
0.34235826133672576,0.277540168912231,0.4933345152104618,reduce_memory,-0.07777011072038072
0.29169544318156926,0.1313452281544846,0.20930988127362365,allocate_memory,0.14825514269323237
0.24876918066051787,0.4487757942952266,0.349047184455744,reduce_memory,-0.08769141013895591
0.45688351579545816,0.38930660386598026,0.3004247004848952,allocate_memory,0.1631656070955588
